Date,Ticker,Close,Type
2023-08-25,AAPL,177.07823181152344,Stock
2023-08-28,AAPL,178.64468383789062,Stock
2023-08-29,AAPL,182.5409698486328,Stock
2023-08-30,AAPL,186.04067993164062,Stock
2023-08-31,AAPL,186.25881958007812,Stock
2023-09-01,AAPL,187.83518981933594,Stock
2023-09-05,AAPL,188.07310485839844,Stock
2023-09-06,AAPL,181.34136962890625,Stock
2023-09-07,AAPL,176.03724670410156,Stock
2023-09-08,AAPL,176.65191650390625,Stock
2023-09-11,AAPL,177.82177734375,Stock
2023-09-12,AAPL,174.78802490234375,Stock
2023-09-13,AAPL,172.71597290039062,Stock
2023-09-14,AAPL,174.2328643798828,Stock
2023-09-15,AAPL,173.5091094970703,Stock
2023-09-18,AAPL,176.44371032714844,Stock
2023-09-19,AAPL,177.53428649902344,Stock
2023-09-20,AAPL,173.98500061035156,Stock
2023-09-21,AAPL,172.4383544921875,Stock
2023-09-22,AAPL,173.29100036621094,Stock
2023-09-25,AAPL,174.56993103027344,Stock
2023-09-26,AAPL,170.48526000976562,Stock
2023-09-27,AAPL,168.9683837890625,Stock
2023-09-28,AAPL,169.2261505126953,Stock
2023-09-29,AAPL,169.74169921875,Stock
2023-10-02,AAPL,172.25991821289062,Stock
2023-10-03,AAPL,170.92149353027344,Stock
2023-10-04,AAPL,172.17068481445312,Stock
2023-10-05,AAPL,173.4099578857422,Stock
2023-10-06,AAPL,175.9678497314453,Stock
2023-10-09,AAPL,177.45498657226562,Stock
2023-10-10,AAPL,176.86012268066406,Stock
2023-10-11,AAPL,178.25804138183594,Stock
2023-10-12,AAPL,179.1602325439453,Stock
2023-10-13,AAPL,177.31617736816406,Stock
2023-10-16,AAPL,177.18727111816406,Stock
2023-10-17,AAPL,175.6307373046875,Stock
2023-10-18,AAPL,174.3319854736328,Stock
2023-10-19,AAPL,173.95526123046875,Stock
2023-10-20,AAPL,171.39736938476562,Stock
2023-10-23,AAPL,171.51634216308594,Stock
2023-10-24,AAPL,171.95257568359375,Stock
2023-10-25,AAPL,169.6326446533203,Stock
2023-10-26,AAPL,165.458740234375,Stock
2023-10-27,AAPL,166.77732849121094,Stock
2023-10-30,AAPL,168.82958984375,Stock
2023-10-31,AAPL,169.30548095703125,Stock
2023-11-01,AAPL,172.47802734375,Stock
2023-11-02,AAPL,176.04718017578125,Stock
2023-11-03,AAPL,175.13502502441406,Stock
2023-11-06,AAPL,177.69293212890625,Stock
2023-11-07,AAPL,180.26071166992188,Stock
2023-11-08,AAPL,181.32154846191406,Stock
2023-11-09,AAPL,180.8456573486328,Stock
2023-11-10,AAPL,185.04489135742188,Stock
2023-11-13,AAPL,183.4564971923828,Stock
2023-11-14,AAPL,186.0773468017578,Stock
2023-11-15,AAPL,186.64320373535156,Stock
2023-11-16,AAPL,188.33082580566406,Stock
2023-11-17,AAPL,188.31097412109375,Stock
2023-11-20,AAPL,190.0581817626953,Stock
2023-11-21,AAPL,189.25405883789062,Stock
2023-11-22,AAPL,189.91917419433594,Stock
2023-11-24,AAPL,188.5889434814453,Stock
2023-11-27,AAPL,188.41024780273438,Stock
2023-11-28,AAPL,189.01580810546875,Stock
2023-11-29,AAPL,187.99330139160156,Stock
2023-11-30,AAPL,188.56907653808594,Stock
2023-12-01,AAPL,189.84970092773438,Stock
2023-12-04,AAPL,188.0528564453125,Stock
2023-12-05,AAPL,192.01385498046875,Stock
2023-12-06,AAPL,190.92184448242188,Stock
2023-12-07,AAPL,192.857666015625,Stock
2023-12-08,AAPL,194.28721618652344,Stock
2023-12-11,AAPL,191.77560424804688,Stock
2023-12-12,AAPL,193.29449462890625,Stock
2023-12-13,AAPL,196.52085876464844,Stock
2023-12-14,AAPL,196.66973876953125,Stock
2023-12-15,AAPL,196.13368225097656,Stock
2023-12-18,AAPL,194.4658966064453,Stock
2023-12-19,AAPL,195.50827026367188,Stock
2023-12-20,AAPL,193.41360473632812,Stock
2023-12-21,AAPL,193.26466369628906,Stock
2023-12-22,AAPL,192.19256591796875,Stock
2023-12-26,AAPL,191.6465606689453,Stock
2023-12-27,AAPL,191.74581909179688,Stock
2023-12-28,AAPL,192.17269897460938,Stock
2023-12-29,AAPL,191.1303253173828,Stock
2024-01-02,AAPL,184.29042053222656,Stock
2024-01-03,AAPL,182.9105224609375,Stock
2024-01-04,AAPL,180.5875244140625,Stock
2024-01-05,AAPL,179.8628387451172,Stock
2024-01-08,AAPL,184.2109832763672,Stock
2024-01-09,AAPL,183.79405212402344,Stock
2024-01-10,AAPL,184.83641052246094,Stock
2024-01-11,AAPL,184.24078369140625,Stock
2024-01-12,AAPL,184.568359375,Stock
2024-01-16,AAPL,182.29502868652344,Stock
2024-01-17,AAPL,181.35194396972656,Stock
2024-01-18,AAPL,187.25868225097656,Stock
2024-01-19,AAPL,190.16737365722656,Stock
2024-01-22,AAPL,192.48043823242188,Stock
2024-01-23,AAPL,193.76104736328125,Stock
2024-01-24,AAPL,193.08599853515625,Stock
2024-01-25,AAPL,192.75840759277344,Stock
2024-01-26,AAPL,191.0211181640625,Stock
2024-01-29,AAPL,190.33616638183594,Stock
2024-01-30,AAPL,186.67295837402344,Stock
2024-01-31,AAPL,183.05943298339844,Stock
2024-02-01,AAPL,185.5015411376953,Stock
2024-02-02,AAPL,184.49887084960938,Stock
2024-02-05,AAPL,186.31558227539062,Stock
2024-02-06,AAPL,187.92381286621094,Stock
2024-02-07,AAPL,188.0330047607422,Stock
2024-02-08,AAPL,186.95094299316406,Stock
2024-02-09,AAPL,187.71630859375,Stock
2024-02-12,AAPL,186.02650451660156,Stock
2024-02-13,AAPL,183.92918395996094,Stock
2024-02-14,AAPL,183.04452514648438,Stock
2024-02-15,AAPL,182.75628662109375,Stock
2024-02-16,AAPL,181.21554565429688,Stock
2024-02-20,AAPL,180.4700469970703,Stock
2024-02-21,AAPL,181.22552490234375,Stock
2024-02-22,AAPL,183.26319885253906,Stock
2024-02-23,AAPL,181.42430114746094,Stock
2024-02-26,AAPL,180.07247924804688,Stock
2024-02-27,AAPL,181.5336456298828,Stock
2024-02-28,AAPL,180.33091735839844,Stock
2024-02-29,AAPL,179.66494750976562,Stock
2024-03-01,AAPL,178.58148193359375,Stock
2024-03-04,AAPL,174.0488739013672,Stock
2024-03-05,AAPL,169.0987548828125,Stock
2024-03-06,AAPL,168.104736328125,Stock
2024-03-07,AAPL,167.9854736328125,Stock
2024-03-08,AAPL,169.70509338378906,Stock
2024-03-11,AAPL,171.7129669189453,Stock
2024-03-12,AAPL,172.1900634765625,Stock
2024-03-13,AAPL,170.10267639160156,Stock
2024-03-14,AAPL,171.96145629882812,Stock
2024-03-15,AAPL,171.58372497558594,Stock
2024-03-18,AAPL,172.67713928222656,Stock
2024-03-19,AAPL,175.02296447753906,Stock
2024-03-20,AAPL,177.597412109375,Stock
2024-03-21,AAPL,170.3412322998047,Stock
2024-03-22,AAPL,171.24578857421875,Stock
2024-03-25,AAPL,169.82437133789062,Stock
2024-03-26,AAPL,168.69122314453125,Stock
2024-03-27,AAPL,172.26959228515625,Stock
2024-03-28,AAPL,170.4505615234375,Stock
2024-04-01,AAPL,169.00927734375,Stock
2024-04-02,AAPL,167.82643127441406,Stock
2024-04-03,AAPL,168.63156127929688,Stock
2024-04-04,AAPL,167.8065643310547,Stock
2024-04-05,AAPL,168.56199645996094,Stock
2024-04-08,AAPL,167.4387969970703,Stock
2024-04-09,AAPL,168.65145874023438,Stock
2024-04-10,AAPL,166.77279663085938,Stock
2024-04-11,AAPL,173.9892120361328,Stock
2024-04-12,AAPL,175.4901580810547,Stock
2024-04-15,AAPL,171.6533203125,Stock
2024-04-16,AAPL,168.36318969726562,Stock
2024-04-17,AAPL,166.991455078125,Stock
2024-04-18,AAPL,166.0372314453125,Stock
2024-04-19,AAPL,164.00949096679688,Stock
2024-04-22,AAPL,164.84445190429688,Stock
2024-04-23,AAPL,165.89805603027344,Stock
2024-04-24,AAPL,168.00537109375,Stock
2024-04-25,AAPL,168.8701171875,Stock
2024-04-26,AAPL,168.28366088867188,Stock
2024-04-29,AAPL,172.45846557617188,Stock
2024-04-30,AAPL,169.3074951171875,Stock
2024-05-01,AAPL,168.28366088867188,Stock
2024-05-02,AAPL,171.9912872314453,Stock
2024-05-03,AAPL,182.27914428710938,Stock
2024-05-06,AAPL,180.6191864013672,Stock
2024-05-07,AAPL,181.30502319335938,Stock
2024-05-08,AAPL,181.64297485351562,Stock
2024-05-09,AAPL,183.46202087402344,Stock
2024-05-10,AAPL,182.1979217529297,Stock
2024-05-13,AAPL,185.41287231445312,Stock
2024-05-14,AAPL,186.55752563476562,Stock
2024-05-15,AAPL,188.8368682861328,Stock
2024-05-16,AAPL,188.956298828125,Stock
2024-05-17,AAPL,188.98617553710938,Stock
2024-05-20,AAPL,190.15072631835938,Stock
2024-05-21,AAPL,191.4546356201172,Stock
2024-05-22,AAPL,190.01136779785156,Stock
2024-05-23,AAPL,186.01010131835938,Stock
2024-05-24,AAPL,189.0956573486328,Stock
2024-05-28,AAPL,189.10560607910156,Stock
2024-05-29,AAPL,189.4042205810547,Stock
2024-05-30,AAPL,190.39956665039062,Stock
2024-05-31,AAPL,191.35508728027344,Stock
2024-06-03,AAPL,193.12680053710938,Stock
2024-06-04,AAPL,193.44532775878906,Stock
2024-06-05,AAPL,194.95823669433594,Stock
2024-06-06,AAPL,193.57470703125,Stock
2024-06-07,AAPL,195.97348022460938,Stock
2024-06-10,AAPL,192.22103881835938,Stock
2024-06-11,AAPL,206.1857147216797,Stock
2024-06-12,AAPL,212.07818603515625,Stock
2024-06-13,AAPL,213.2427520751953,Stock
2024-06-14,AAPL,211.50088500976562,Stock
2024-06-17,AAPL,215.6614227294922,Stock
2024-06-18,AAPL,213.29248046875,Stock
2024-06-20,AAPL,208.70394897460938,Stock
2024-06-21,AAPL,206.524169921875,Stock
2024-06-24,AAPL,207.17112731933594,Stock
2024-06-25,AAPL,208.09678649902344,Stock
2024-06-26,AAPL,212.25733947753906,Stock
2024-06-27,AAPL,213.10340881347656,Stock
2024-06-28,AAPL,209.6395721435547,Stock
2024-07-01,AAPL,215.7410430908203,Stock
2024-07-02,AAPL,219.24465942382812,Stock
2024-07-03,AAPL,220.51870727539062,Stock
2024-07-05,AAPL,225.28639221191406,Stock
2024-07-08,AAPL,226.75953674316406,Stock
2024-07-09,AAPL,227.61550903320312,Stock
2024-07-10,AAPL,231.89549255371094,Stock
2024-07-11,AAPL,226.5106964111328,Stock
2024-07-12,AAPL,229.46685791015625,Stock
2024-07-15,AAPL,233.3088836669922,Stock
2024-07-16,AAPL,233.7269287109375,Stock
2024-07-17,AAPL,227.81459045410156,Stock
2024-07-18,AAPL,223.13644409179688,Stock
2024-07-19,AAPL,223.26585388183594,Stock
2024-07-22,AAPL,222.91749572753906,Stock
2024-07-23,AAPL,223.96258544921875,Stock
2024-07-24,AAPL,217.522705078125,Stock
2024-07-25,AAPL,216.4776153564453,Stock
2024-07-26,AAPL,216.94541931152344,Stock
2024-07-29,AAPL,217.22412109375,Stock
2024-07-30,AAPL,217.78150939941406,Stock
2024-07-31,AAPL,221.04623413085938,Stock
2024-08-01,AAPL,217.3435516357422,Stock
2024-08-02,AAPL,218.83657836914062,Stock
2024-08-05,AAPL,208.29586791992188,Stock
2024-08-06,AAPL,206.26536560058594,Stock
2024-08-07,AAPL,208.8433074951172,Stock
2024-08-08,AAPL,212.3170623779297,Stock
2024-08-09,AAPL,215.23342895507812,Stock
2024-08-12,AAPL,216.76803588867188,Stock
2024-08-13,AAPL,220.49493408203125,Stock
2024-08-14,AAPL,220.943359375,Stock
2024-08-15,AAPL,223.93284606933594,Stock
2024-08-16,AAPL,225.25819396972656,Stock
2024-08-19,AAPL,225.0987548828125,Stock
2024-08-20,AAPL,225.71658325195312,Stock
2024-08-21,AAPL,225.60694885253906,Stock
2024-08-22,AAPL,223.74351501464844,Stock
2024-08-23,AAPL,226.04542541503906,Stock
2024-08-26,AAPL,226.38421630859375,Stock
2024-08-27,AAPL,227.2312469482422,Stock
2024-08-28,AAPL,225.69664001464844,Stock
2024-08-29,AAPL,228.98509216308594,Stock
2024-08-30,AAPL,228.19786071777344,Stock
2024-09-03,AAPL,221.9896697998047,Stock
2024-09-04,AAPL,220.07640075683594,Stock
2024-09-05,AAPL,221.6010284423828,Stock
2024-09-06,AAPL,220.04652404785156,Stock
2024-09-09,AAPL,220.1361846923828,Stock
2024-09-10,AAPL,219.33900451660156,Stock
2024-09-11,AAPL,221.8800506591797,Stock
2024-09-12,AAPL,221.9896697998047,Stock
2024-09-13,AAPL,221.7206268310547,Stock
2024-09-16,AAPL,215.56227111816406,Stock
2024-09-17,AAPL,216.03060913085938,Stock
2024-09-18,AAPL,219.91696166992188,Stock
2024-09-19,AAPL,228.0683135986328,Stock
2024-09-20,AAPL,227.40065002441406,Stock
2024-09-23,AAPL,225.6767120361328,Stock
2024-09-24,AAPL,226.5735626220703,Stock
2024-09-25,AAPL,225.5770721435547,Stock
2024-09-26,AAPL,226.72303771972656,Stock
2024-09-27,AAPL,226.99208068847656,Stock
2024-09-30,AAPL,232.18385314941406,Stock
2024-10-01,AAPL,225.41763305664062,Stock
2024-10-02,AAPL,225.9856414794922,Stock
2024-10-03,AAPL,224.8795166015625,Stock
2024-10-04,AAPL,226.0055694580078,Stock
2024-10-07,AAPL,220.91346740722656,Stock
2024-10-08,AAPL,224.9791717529297,Stock
2024-10-09,AAPL,228.7359619140625,Stock
2024-10-10,AAPL,228.2377166748047,Stock
2024-10-11,AAPL,226.75294494628906,Stock
2024-10-14,AAPL,230.48980712890625,Stock
2024-10-15,AAPL,233.03086853027344,Stock
2024-10-16,AAPL,230.96810913085938,Stock
2024-10-17,AAPL,231.33682250976562,Stock
2024-10-18,AAPL,234.1768341064453,Stock
2024-10-21,AAPL,235.6516571044922,Stock
2024-10-22,AAPL,235.03382873535156,Stock
2024-10-23,AAPL,229.95169067382812,Stock
2024-10-24,AAPL,229.7623748779297,Stock
2024-10-25,AAPL,230.5994110107422,Stock
2024-10-28,AAPL,232.5824432373047,Stock
2024-10-29,AAPL,232.85150146484375,Stock
2024-10-30,AAPL,229.2939910888672,Stock
2024-10-31,AAPL,225.11868286132812,Stock
2024-11-01,AAPL,222.12918090820312,Stock
2024-11-04,AAPL,221.23233032226562,Stock
2024-11-05,AAPL,222.66729736328125,Stock
2024-11-06,AAPL,221.93984985351562,Stock
2024-11-07,AAPL,226.6831817626953,Stock
2024-11-08,AAPL,226.41383361816406,Stock
2024-11-11,AAPL,223.69039916992188,Stock
2024-11-12,AAPL,223.69039916992188,Stock
2024-11-13,AAPL,224.57826232910156,Stock
2024-11-14,AAPL,227.67080688476562,Stock
2024-11-15,AAPL,224.4585418701172,Stock
2024-11-18,AAPL,227.47128295898438,Stock
2024-11-19,AAPL,227.73065185546875,Stock
2024-11-20,AAPL,228.44891357421875,Stock
2024-11-21,AAPL,227.97007751464844,Stock
2024-11-22,AAPL,229.3168182373047,Stock
2024-11-25,AAPL,232.30960083007812,Stock
2024-11-26,AAPL,234.49432373046875,Stock
2024-11-27,AAPL,234.36465454101562,Stock
2024-11-29,AAPL,236.75888061523438,Stock
2024-12-02,AAPL,239.013427734375,Stock
2024-12-03,AAPL,242.06607055664062,Stock
2024-12-04,AAPL,242.42520141601562,Stock
2024-12-05,AAPL,242.4551239013672,Stock
2024-12-06,AAPL,242.25559997558594,Stock
2024-12-09,AAPL,246.1562042236328,Stock
2024-12-10,AAPL,247.1737518310547,Stock
2024-12-11,AAPL,245.89682006835938,Stock
2024-12-12,AAPL,247.36329650878906,Stock
2024-12-13,AAPL,247.5328826904297,Stock
2024-12-16,AAPL,250.4358673095703,Stock
2024-12-17,AAPL,252.8699951171875,Stock
2024-12-18,AAPL,247.4530792236328,Stock
2024-12-19,AAPL,249.1888885498047,Stock
2024-12-20,AAPL,253.87759399414062,Stock
2024-12-23,AAPL,254.6557159423828,Stock
2024-12-24,AAPL,257.57867431640625,Stock
2024-12-26,AAPL,258.39666748046875,Stock
2024-12-27,AAPL,254.9749298095703,Stock
2024-12-30,AAPL,251.5930938720703,Stock
2024-12-31,AAPL,249.8173828125,Stock
2025-01-02,AAPL,243.26319885253906,Stock
2025-01-03,AAPL,242.7743682861328,Stock
2025-01-06,AAPL,244.41041564941406,Stock
2025-01-07,AAPL,241.62713623046875,Stock
2025-01-08,AAPL,242.11593627929688,Stock
2025-01-10,AAPL,236.280029296875,Stock
2025-01-13,AAPL,233.83592224121094,Stock
2025-01-14,AAPL,232.71861267089844,Stock
2025-01-15,AAPL,237.2975616455078,Stock
2025-01-16,AAPL,227.710693359375,Stock
2025-01-17,AAPL,229.4265594482422,Stock
2025-01-21,AAPL,222.10421752929688,Stock
2025-01-22,AAPL,223.29135131835938,Stock
2025-01-23,AAPL,223.1217803955078,Stock
2025-01-24,AAPL,222.24388122558594,Stock
2025-01-27,AAPL,229.3068389892578,Stock
2025-01-28,AAPL,237.68663024902344,Stock
2025-01-29,AAPL,238.78399658203125,Stock
2025-01-30,AAPL,237.0182342529297,Stock
2025-01-31,AAPL,235.4320831298828,Stock
2025-02-03,AAPL,227.4613037109375,Stock
2025-02-04,AAPL,232.23977661132812,Stock
2025-02-05,AAPL,231.9105682373047,Stock
2025-02-06,AAPL,232.6587677001953,Stock
2025-02-07,AAPL,227.08221435546875,Stock
2025-02-10,AAPL,227.3518524169922,Stock
2025-02-11,AAPL,232.3153533935547,Stock
2025-02-12,AAPL,236.55978393554688,Stock
2025-02-13,AAPL,241.21368408203125,Stock
2025-02-14,AAPL,244.2796630859375,Stock
2025-02-18,AAPL,244.14984130859375,Stock
2025-02-19,AAPL,244.54930114746094,Stock
2025-02-20,AAPL,245.508056640625,Stock
2025-02-21,AAPL,245.22842407226562,Stock
2025-02-24,AAPL,246.77639770507812,Stock
2025-02-25,AAPL,246.71646118164062,Stock
2025-02-26,AAPL,240.0452117919922,Stock
2025-02-27,AAPL,236.98922729492188,Stock
2025-02-28,AAPL,241.5232696533203,Stock
2025-03-03,AAPL,237.71826171875,Stock
2025-03-04,AAPL,235.6210174560547,Stock
2025-03-05,AAPL,235.4312744140625,Stock
2025-03-06,AAPL,235.0218048095703,Stock
2025-03-07,AAPL,238.7569122314453,Stock
2025-03-10,AAPL,227.1820831298828,Stock
2025-03-11,AAPL,220.55078125,Stock
2025-03-12,AAPL,216.69583129882812,Stock
2025-03-13,AAPL,209.4053955078125,Stock
2025-03-14,AAPL,213.21041870117188,Stock
2025-03-17,AAPL,213.71974182128906,Stock
2025-03-18,AAPL,212.4114532470703,Stock
2025-03-19,AAPL,214.95811462402344,Stock
2025-03-20,AAPL,213.81961059570312,Stock
2025-03-21,AAPL,217.98414611816406,Stock
2025-03-24,AAPL,220.44091796875,Stock
2025-03-25,AAPL,223.45697021484375,Stock
2025-03-26,AAPL,221.2398681640625,Stock
2025-03-27,AAPL,223.5568389892578,Stock
2025-03-28,AAPL,217.6146240234375,Stock
2025-03-31,AAPL,221.83909606933594,Stock
2025-04-01,AAPL,222.897705078125,Stock
2025-04-02,AAPL,223.59678649902344,Stock
2025-04-03,AAPL,202.9239044189453,Stock
2025-04-04,AAPL,188.13330078125,Stock
2025-04-07,AAPL,181.2223663330078,Stock
2025-04-08,AAPL,172.19419860839844,Stock
2025-04-09,AAPL,198.58958435058594,Stock
2025-04-10,AAPL,190.17062377929688,Stock
2025-04-11,AAPL,197.89048767089844,Stock
2025-04-14,AAPL,202.25477600097656,Stock
2025-04-15,AAPL,201.87527465820312,Stock
2025-04-16,AAPL,194.0155792236328,Stock
2025-04-17,AAPL,196.72203063964844,Stock
2025-04-21,AAPL,192.9070281982422,Stock
2025-04-22,AAPL,199.47842407226562,Stock
2025-04-23,AAPL,204.33206176757812,Stock
2025-04-24,AAPL,208.09710693359375,Stock
2025-04-25,AAPL,209.00592041015625,Stock
2025-04-28,AAPL,209.8647918701172,Stock
2025-04-29,AAPL,210.9333953857422,Stock
2025-04-30,AAPL,212.22171020507812,Stock
2025-05-01,AAPL,213.04063415527344,Stock
2025-05-02,AAPL,205.08106994628906,Stock
2025-05-05,AAPL,198.62953186035156,Stock
2025-05-06,AAPL,198.25001525878906,Stock
2025-05-07,AAPL,195.99298095703125,Stock
2025-05-08,AAPL,197.2313690185547,Stock
2025-05-09,AAPL,198.27000427246094,Stock
2025-05-12,AAPL,210.7899932861328,Stock
2025-05-13,AAPL,212.92999267578125,Stock
2025-05-14,AAPL,212.3300018310547,Stock
2025-05-15,AAPL,211.4499969482422,Stock
2025-05-16,AAPL,211.25999450683594,Stock
2025-05-19,AAPL,208.77999877929688,Stock
2025-05-20,AAPL,206.86000061035156,Stock
2025-05-21,AAPL,202.08999633789062,Stock
2025-05-22,AAPL,201.36000061035156,Stock
2025-05-23,AAPL,195.27000427246094,Stock
2025-05-27,AAPL,200.2100067138672,Stock
2025-05-28,AAPL,200.4199981689453,Stock
2025-05-29,AAPL,199.9499969482422,Stock
2025-05-30,AAPL,200.85000610351562,Stock
2025-06-02,AAPL,201.6999969482422,Stock
2025-06-03,AAPL,203.27000427246094,Stock
2025-06-04,AAPL,202.82000732421875,Stock
2025-06-05,AAPL,200.6300048828125,Stock
2025-06-06,AAPL,203.9199981689453,Stock
2025-06-09,AAPL,201.4499969482422,Stock
2025-06-10,AAPL,202.6699981689453,Stock
2025-06-11,AAPL,198.77999877929688,Stock
2025-06-12,AAPL,199.1999969482422,Stock
2025-06-13,AAPL,196.4499969482422,Stock
2025-06-16,AAPL,198.4199981689453,Stock
2025-06-17,AAPL,195.63999938964844,Stock
2025-06-18,AAPL,196.5800018310547,Stock
2025-06-20,AAPL,201.0,Stock
2025-06-23,AAPL,201.5,Stock
2025-06-24,AAPL,200.3000030517578,Stock
2025-06-25,AAPL,201.55999755859375,Stock
2025-06-26,AAPL,201.0,Stock
2025-06-27,AAPL,201.0800018310547,Stock
2025-06-30,AAPL,205.1699981689453,Stock
2025-07-01,AAPL,207.82000732421875,Stock
2025-07-02,AAPL,212.44000244140625,Stock
2025-07-03,AAPL,213.5500030517578,Stock
2025-07-07,AAPL,209.9499969482422,Stock
2025-07-08,AAPL,210.00999450683594,Stock
2025-07-09,AAPL,211.13999938964844,Stock
2025-07-10,AAPL,212.41000366210938,Stock
2025-07-11,AAPL,211.16000366210938,Stock
2025-07-14,AAPL,210.2,Future
2025-07-15,AAPL,209.64,Future
2025-07-16,AAPL,210.33,Future
2025-07-17,AAPL,207.84,Future
2025-07-18,AAPL,208.91,Future
2025-07-19,AAPL,209.02,Future
2025-07-20,AAPL,207.72,Future
2025-07-21,AAPL,212.07,Future
2025-07-22,AAPL,211.69,Future
2025-07-23,AAPL,217.23,Future
2025-07-24,AAPL,219.24,Future
2025-07-25,AAPL,222.4,Future
2025-07-26,AAPL,221.09,Future
2025-07-27,AAPL,221.16,Future
2025-07-28,AAPL,220.98,Future
2025-07-29,AAPL,221.58,Future
2025-07-30,AAPL,219.96,Future
2025-07-31,AAPL,220.51,Future
2025-08-01,AAPL,219.67,Future
2025-08-02,AAPL,216.62,Future
2025-08-03,AAPL,216.82,Future
2025-08-04,AAPL,214.78,Future
2025-08-05,AAPL,215.48,Future
2025-08-06,AAPL,217.36,Future
2025-08-07,AAPL,217.03,Future
2025-08-08,AAPL,215.44,Future
2025-08-09,AAPL,217.34,Future
2025-08-10,AAPL,217.99,Future
2025-08-11,AAPL,220.88,Future
2025-08-12,AAPL,220.83,Future
2024-03-31,BTC-USD,71333.6484375,Crypto
2024-04-01,BTC-USD,69702.1484375,Crypto
2024-04-02,BTC-USD,65446.97265625,Crypto
2024-04-03,BTC-USD,65980.8125,Crypto
2024-04-04,BTC-USD,68508.84375,Crypto
2024-04-05,BTC-USD,67837.640625,Crypto
2024-04-06,BTC-USD,68896.109375,Crypto
2024-04-07,BTC-USD,69362.5546875,Crypto
2024-04-08,BTC-USD,71631.359375,Crypto
2024-04-09,BTC-USD,69139.015625,Crypto
2024-04-10,BTC-USD,70587.8828125,Crypto
2024-04-11,BTC-USD,70060.609375,Crypto
2024-04-12,BTC-USD,67195.8671875,Crypto
2024-04-13,BTC-USD,63821.47265625,Crypto
2024-04-14,BTC-USD,65738.7265625,Crypto
2024-04-15,BTC-USD,63426.2109375,Crypto
2024-04-16,BTC-USD,63811.86328125,Crypto
2024-04-17,BTC-USD,61276.69140625,Crypto
2024-04-18,BTC-USD,63512.75390625,Crypto
2024-04-19,BTC-USD,63843.5703125,Crypto
2024-04-20,BTC-USD,64994.44140625,Crypto
2024-04-21,BTC-USD,64926.64453125,Crypto
2024-04-22,BTC-USD,66837.6796875,Crypto
2024-04-23,BTC-USD,66407.2734375,Crypto
2024-04-24,BTC-USD,64276.8984375,Crypto
2024-04-25,BTC-USD,64481.70703125,Crypto
2024-04-26,BTC-USD,63755.3203125,Crypto
2024-04-27,BTC-USD,63419.140625,Crypto
2024-04-28,BTC-USD,63113.23046875,Crypto
2024-04-29,BTC-USD,63841.12109375,Crypto
2024-04-30,BTC-USD,60636.85546875,Crypto
2024-05-01,BTC-USD,58254.01171875,Crypto
2024-05-02,BTC-USD,59123.43359375,Crypto
2024-05-03,BTC-USD,62889.8359375,Crypto
2024-05-04,BTC-USD,63891.47265625,Crypto
2024-05-05,BTC-USD,64031.1328125,Crypto
2024-05-06,BTC-USD,63161.94921875,Crypto
2024-05-07,BTC-USD,62334.81640625,Crypto
2024-05-08,BTC-USD,61187.94140625,Crypto
2024-05-09,BTC-USD,63049.9609375,Crypto
2024-05-10,BTC-USD,60792.77734375,Crypto
2024-05-11,BTC-USD,60793.7109375,Crypto
2024-05-12,BTC-USD,61448.39453125,Crypto
2024-05-13,BTC-USD,62901.44921875,Crypto
2024-05-14,BTC-USD,61552.7890625,Crypto
2024-05-15,BTC-USD,66267.4921875,Crypto
2024-05-16,BTC-USD,65231.58203125,Crypto
2024-05-17,BTC-USD,67051.875,Crypto
2024-05-18,BTC-USD,66940.8046875,Crypto
2024-05-19,BTC-USD,66278.3671875,Crypto
2024-05-20,BTC-USD,71448.1953125,Crypto
2024-05-21,BTC-USD,70136.53125,Crypto
2024-05-22,BTC-USD,69122.3359375,Crypto
2024-05-23,BTC-USD,67929.5625,Crypto
2024-05-24,BTC-USD,68526.1015625,Crypto
2024-05-25,BTC-USD,69265.9453125,Crypto
2024-05-26,BTC-USD,68518.09375,Crypto
2024-05-27,BTC-USD,69394.5546875,Crypto
2024-05-28,BTC-USD,68296.21875,Crypto
2024-05-29,BTC-USD,67578.09375,Crypto
2024-05-30,BTC-USD,68364.9921875,Crypto
2024-05-31,BTC-USD,67491.4140625,Crypto
2024-06-01,BTC-USD,67706.9375,Crypto
2024-06-02,BTC-USD,67751.6015625,Crypto
2024-06-03,BTC-USD,68804.78125,Crypto
2024-06-04,BTC-USD,70567.765625,Crypto
2024-06-05,BTC-USD,71082.8203125,Crypto
2024-06-06,BTC-USD,70757.1640625,Crypto
2024-06-07,BTC-USD,69342.5859375,Crypto
2024-06-08,BTC-USD,69305.7734375,Crypto
2024-06-09,BTC-USD,69647.9921875,Crypto
2024-06-10,BTC-USD,69512.28125,Crypto
2024-06-11,BTC-USD,67332.03125,Crypto
2024-06-12,BTC-USD,68241.1875,Crypto
2024-06-13,BTC-USD,66756.3984375,Crypto
2024-06-14,BTC-USD,66011.09375,Crypto
2024-06-15,BTC-USD,66191.0,Crypto
2024-06-16,BTC-USD,66639.046875,Crypto
2024-06-17,BTC-USD,66490.296875,Crypto
2024-06-18,BTC-USD,65140.74609375,Crypto
2024-06-19,BTC-USD,64960.296875,Crypto
2024-06-20,BTC-USD,64828.65625,Crypto
2024-06-21,BTC-USD,64096.19921875,Crypto
2024-06-22,BTC-USD,64252.578125,Crypto
2024-06-23,BTC-USD,63180.796875,Crypto
2024-06-24,BTC-USD,60277.4140625,Crypto
2024-06-25,BTC-USD,61804.640625,Crypto
2024-06-26,BTC-USD,60811.27734375,Crypto
2024-06-27,BTC-USD,61604.80078125,Crypto
2024-06-28,BTC-USD,60320.13671875,Crypto
2024-06-29,BTC-USD,60887.37890625,Crypto
2024-06-30,BTC-USD,62678.29296875,Crypto
2024-07-01,BTC-USD,62851.98046875,Crypto
2024-07-02,BTC-USD,62029.015625,Crypto
2024-07-03,BTC-USD,60173.921875,Crypto
2024-07-04,BTC-USD,56977.703125,Crypto
2024-07-05,BTC-USD,56662.375,Crypto
2024-07-06,BTC-USD,58303.5390625,Crypto
2024-07-07,BTC-USD,55849.109375,Crypto
2024-07-08,BTC-USD,56705.09765625,Crypto
2024-07-09,BTC-USD,58009.2265625,Crypto
2024-07-10,BTC-USD,57742.49609375,Crypto
2024-07-11,BTC-USD,57344.9140625,Crypto
2024-07-12,BTC-USD,57899.46484375,Crypto
2024-07-13,BTC-USD,59231.953125,Crypto
2024-07-14,BTC-USD,60787.79296875,Crypto
2024-07-15,BTC-USD,64870.15234375,Crypto
2024-07-16,BTC-USD,65097.1484375,Crypto
2024-07-17,BTC-USD,64118.79296875,Crypto
2024-07-18,BTC-USD,63974.06640625,Crypto
2024-07-19,BTC-USD,66710.15625,Crypto
2024-07-20,BTC-USD,67163.6484375,Crypto
2024-07-21,BTC-USD,68154.5234375,Crypto
2024-07-22,BTC-USD,67585.25,Crypto
2024-07-23,BTC-USD,65927.671875,Crypto
2024-07-24,BTC-USD,65372.1328125,Crypto
2024-07-25,BTC-USD,65777.2265625,Crypto
2024-07-26,BTC-USD,67912.0625,Crypto
2024-07-27,BTC-USD,67813.3359375,Crypto
2024-07-28,BTC-USD,68255.8671875,Crypto
2024-07-29,BTC-USD,66819.9140625,Crypto
2024-07-30,BTC-USD,66201.015625,Crypto
2024-07-31,BTC-USD,64619.25,Crypto
2024-08-01,BTC-USD,65357.5,Crypto
2024-08-02,BTC-USD,61415.06640625,Crypto
2024-08-03,BTC-USD,60680.09375,Crypto
2024-08-04,BTC-USD,58116.9765625,Crypto
2024-08-05,BTC-USD,53991.45703125,Crypto
2024-08-06,BTC-USD,56034.31640625,Crypto
2024-08-07,BTC-USD,55027.4609375,Crypto
2024-08-08,BTC-USD,61710.13671875,Crypto
2024-08-09,BTC-USD,60880.11328125,Crypto
2024-08-10,BTC-USD,60945.8125,Crypto
2024-08-11,BTC-USD,58719.484375,Crypto
2024-08-12,BTC-USD,59354.515625,Crypto
2024-08-13,BTC-USD,60609.56640625,Crypto
2024-08-14,BTC-USD,58737.26953125,Crypto
2024-08-15,BTC-USD,57560.09765625,Crypto
2024-08-16,BTC-USD,58894.10546875,Crypto
2024-08-17,BTC-USD,59478.97265625,Crypto
2024-08-18,BTC-USD,58483.96484375,Crypto
2024-08-19,BTC-USD,59493.453125,Crypto
2024-08-20,BTC-USD,59012.79296875,Crypto
2024-08-21,BTC-USD,61175.19140625,Crypto
2024-08-22,BTC-USD,60381.9140625,Crypto
2024-08-23,BTC-USD,64094.35546875,Crypto
2024-08-24,BTC-USD,64178.9921875,Crypto
2024-08-25,BTC-USD,64333.54296875,Crypto
2024-08-26,BTC-USD,62880.66015625,Crypto
2024-08-27,BTC-USD,59504.1328125,Crypto
2024-08-28,BTC-USD,59027.625,Crypto
2024-08-29,BTC-USD,59388.1796875,Crypto
2024-08-30,BTC-USD,59119.4765625,Crypto
2024-08-31,BTC-USD,58969.8984375,Crypto
2024-09-01,BTC-USD,57325.48828125,Crypto
2024-09-02,BTC-USD,59112.48046875,Crypto
2024-09-03,BTC-USD,57431.0234375,Crypto
2024-09-04,BTC-USD,57971.5390625,Crypto
2024-09-05,BTC-USD,56160.48828125,Crypto
2024-09-06,BTC-USD,53948.75390625,Crypto
2024-09-07,BTC-USD,54139.6875,Crypto
2024-09-08,BTC-USD,54841.56640625,Crypto
2024-09-09,BTC-USD,57019.53515625,Crypto
2024-09-10,BTC-USD,57648.7109375,Crypto
2024-09-11,BTC-USD,57343.171875,Crypto
2024-09-12,BTC-USD,58127.01171875,Crypto
2024-09-13,BTC-USD,60571.30078125,Crypto
2024-09-14,BTC-USD,60005.12109375,Crypto
2024-09-15,BTC-USD,59182.8359375,Crypto
2024-09-16,BTC-USD,58192.5078125,Crypto
2024-09-17,BTC-USD,60308.5390625,Crypto
2024-09-18,BTC-USD,61649.6796875,Crypto
2024-09-19,BTC-USD,62940.45703125,Crypto
2024-09-20,BTC-USD,63192.9765625,Crypto
2024-09-21,BTC-USD,63394.83984375,Crypto
2024-09-22,BTC-USD,63648.7109375,Crypto
2024-09-23,BTC-USD,63329.80078125,Crypto
2024-09-24,BTC-USD,64301.96875,Crypto
2024-09-25,BTC-USD,63143.14453125,Crypto
2024-09-26,BTC-USD,65181.01953125,Crypto
2024-09-27,BTC-USD,65790.6640625,Crypto
2024-09-28,BTC-USD,65887.6484375,Crypto
2024-09-29,BTC-USD,65635.3046875,Crypto
2024-09-30,BTC-USD,63329.5,Crypto
2024-10-01,BTC-USD,60837.0078125,Crypto
2024-10-02,BTC-USD,60632.78515625,Crypto
2024-10-03,BTC-USD,60759.40234375,Crypto
2024-10-04,BTC-USD,62067.4765625,Crypto
2024-10-05,BTC-USD,62089.94921875,Crypto
2024-10-06,BTC-USD,62818.953125,Crypto
2024-10-07,BTC-USD,62236.66015625,Crypto
2024-10-08,BTC-USD,62131.96875,Crypto
2024-10-09,BTC-USD,60582.1015625,Crypto
2024-10-10,BTC-USD,60274.5,Crypto
2024-10-11,BTC-USD,62445.08984375,Crypto
2024-10-12,BTC-USD,63193.0234375,Crypto
2024-10-13,BTC-USD,62851.375,Crypto
2024-10-14,BTC-USD,66046.125,Crypto
2024-10-15,BTC-USD,67041.109375,Crypto
2024-10-16,BTC-USD,67612.71875,Crypto
2024-10-17,BTC-USD,67399.8359375,Crypto
2024-10-18,BTC-USD,68418.7890625,Crypto
2024-10-19,BTC-USD,68362.734375,Crypto
2024-10-20,BTC-USD,69001.703125,Crypto
2024-10-21,BTC-USD,67367.8515625,Crypto
2024-10-22,BTC-USD,67361.40625,Crypto
2024-10-23,BTC-USD,66432.1953125,Crypto
2024-10-24,BTC-USD,68161.0546875,Crypto
2024-10-25,BTC-USD,66642.4140625,Crypto
2024-10-26,BTC-USD,67014.6953125,Crypto
2024-10-27,BTC-USD,67929.296875,Crypto
2024-10-28,BTC-USD,69907.7578125,Crypto
2024-10-29,BTC-USD,72720.4921875,Crypto
2024-10-30,BTC-USD,72339.5390625,Crypto
2024-10-31,BTC-USD,70215.1875,Crypto
2024-11-01,BTC-USD,69482.46875,Crypto
2024-11-02,BTC-USD,69289.2734375,Crypto
2024-11-03,BTC-USD,68741.1171875,Crypto
2024-11-04,BTC-USD,67811.5078125,Crypto
2024-11-05,BTC-USD,69359.5625,Crypto
2024-11-06,BTC-USD,75639.078125,Crypto
2024-11-07,BTC-USD,75904.859375,Crypto
2024-11-08,BTC-USD,76545.4765625,Crypto
2024-11-09,BTC-USD,76778.8671875,Crypto
2024-11-10,BTC-USD,80474.1875,Crypto
2024-11-11,BTC-USD,88701.484375,Crypto
2024-11-12,BTC-USD,87955.8125,Crypto
2024-11-13,BTC-USD,90584.1640625,Crypto
2024-11-14,BTC-USD,87250.4296875,Crypto
2024-11-15,BTC-USD,91066.0078125,Crypto
2024-11-16,BTC-USD,90558.4765625,Crypto
2024-11-17,BTC-USD,89845.8515625,Crypto
2024-11-18,BTC-USD,90542.640625,Crypto
2024-11-19,BTC-USD,92343.7890625,Crypto
2024-11-20,BTC-USD,94339.4921875,Crypto
2024-11-21,BTC-USD,98504.7265625,Crypto
2024-11-22,BTC-USD,98997.6640625,Crypto
2024-11-23,BTC-USD,97777.28125,Crypto
2024-11-24,BTC-USD,98013.8203125,Crypto
2024-11-25,BTC-USD,93102.296875,Crypto
2024-11-26,BTC-USD,91985.3203125,Crypto
2024-11-27,BTC-USD,95962.53125,Crypto
2024-11-28,BTC-USD,95652.46875,Crypto
2024-11-29,BTC-USD,97461.5234375,Crypto
2024-11-30,BTC-USD,96449.0546875,Crypto
2024-12-01,BTC-USD,97279.7890625,Crypto
2024-12-02,BTC-USD,95865.3046875,Crypto
2024-12-03,BTC-USD,96002.1640625,Crypto
2024-12-04,BTC-USD,98768.53125,Crypto
2024-12-05,BTC-USD,96593.5703125,Crypto
2024-12-06,BTC-USD,99920.7109375,Crypto
2024-12-07,BTC-USD,99923.3359375,Crypto
2024-12-08,BTC-USD,101236.015625,Crypto
2024-12-09,BTC-USD,97432.71875,Crypto
2024-12-10,BTC-USD,96675.4296875,Crypto
2024-12-11,BTC-USD,101173.03125,Crypto
2024-12-12,BTC-USD,100043.0,Crypto
2024-12-13,BTC-USD,101459.2578125,Crypto
2024-12-14,BTC-USD,101372.96875,Crypto
2024-12-15,BTC-USD,104298.6953125,Crypto
2024-12-16,BTC-USD,106029.71875,Crypto
2024-12-17,BTC-USD,106140.6015625,Crypto
2024-12-18,BTC-USD,100041.5390625,Crypto
2024-12-19,BTC-USD,97490.953125,Crypto
2024-12-20,BTC-USD,97755.9296875,Crypto
2024-12-21,BTC-USD,97224.7265625,Crypto
2024-12-22,BTC-USD,95104.9375,Crypto
2024-12-23,BTC-USD,94686.2421875,Crypto
2024-12-24,BTC-USD,98676.09375,Crypto
2024-12-25,BTC-USD,99299.1953125,Crypto
2024-12-26,BTC-USD,95795.515625,Crypto
2024-12-27,BTC-USD,94164.859375,Crypto
2024-12-28,BTC-USD,95163.9296875,Crypto
2024-12-29,BTC-USD,93530.2265625,Crypto
2024-12-30,BTC-USD,92643.2109375,Crypto
2024-12-31,BTC-USD,93429.203125,Crypto
2025-01-01,BTC-USD,94419.7578125,Crypto
2025-01-02,BTC-USD,96886.875,Crypto
2025-01-03,BTC-USD,98107.4296875,Crypto
2025-01-04,BTC-USD,98236.2265625,Crypto
2025-01-05,BTC-USD,98314.9609375,Crypto
2025-01-06,BTC-USD,102078.0859375,Crypto
2025-01-07,BTC-USD,96922.703125,Crypto
2025-01-08,BTC-USD,95043.5234375,Crypto
2025-01-09,BTC-USD,92484.0390625,Crypto
2025-01-10,BTC-USD,94701.453125,Crypto
2025-01-11,BTC-USD,94566.59375,Crypto
2025-01-12,BTC-USD,94488.4375,Crypto
2025-01-13,BTC-USD,94516.5234375,Crypto
2025-01-14,BTC-USD,96534.046875,Crypto
2025-01-15,BTC-USD,100504.4921875,Crypto
2025-01-16,BTC-USD,99756.90625,Crypto
2025-01-17,BTC-USD,104462.0390625,Crypto
2025-01-18,BTC-USD,104408.0703125,Crypto
2025-01-19,BTC-USD,101089.609375,Crypto
2025-01-20,BTC-USD,102016.6640625,Crypto
2025-01-21,BTC-USD,106146.265625,Crypto
2025-01-22,BTC-USD,103653.0703125,Crypto
2025-01-23,BTC-USD,103960.171875,Crypto
2025-01-24,BTC-USD,104819.484375,Crypto
2025-01-25,BTC-USD,104714.6484375,Crypto
2025-01-26,BTC-USD,102682.5,Crypto
2025-01-27,BTC-USD,102087.6875,Crypto
2025-01-28,BTC-USD,101332.4765625,Crypto
2025-01-29,BTC-USD,103703.2109375,Crypto
2025-01-30,BTC-USD,104735.3046875,Crypto
2025-01-31,BTC-USD,102405.0234375,Crypto
2025-02-01,BTC-USD,100655.90625,Crypto
2025-02-02,BTC-USD,97688.9765625,Crypto
2025-02-03,BTC-USD,101405.421875,Crypto
2025-02-04,BTC-USD,97871.8203125,Crypto
2025-02-05,BTC-USD,96615.4453125,Crypto
2025-02-06,BTC-USD,96593.296875,Crypto
2025-02-07,BTC-USD,96529.0859375,Crypto
2025-02-08,BTC-USD,96482.453125,Crypto
2025-02-09,BTC-USD,96500.09375,Crypto
2025-02-10,BTC-USD,97437.5546875,Crypto
2025-02-11,BTC-USD,95747.4296875,Crypto
2025-02-12,BTC-USD,97885.859375,Crypto
2025-02-13,BTC-USD,96623.8671875,Crypto
2025-02-14,BTC-USD,97508.96875,Crypto
2025-02-15,BTC-USD,97580.3515625,Crypto
2025-02-16,BTC-USD,96175.03125,Crypto
2025-02-17,BTC-USD,95773.3828125,Crypto
2025-02-18,BTC-USD,95539.546875,Crypto
2025-02-19,BTC-USD,96635.609375,Crypto
2025-02-20,BTC-USD,98333.9375,Crypto
2025-02-21,BTC-USD,96125.546875,Crypto
2025-02-22,BTC-USD,96577.7578125,Crypto
2025-02-23,BTC-USD,96273.921875,Crypto
2025-02-24,BTC-USD,91418.171875,Crypto
2025-02-25,BTC-USD,88736.171875,Crypto
2025-02-26,BTC-USD,84347.0234375,Crypto
2025-02-27,BTC-USD,84704.2265625,Crypto
2025-02-28,BTC-USD,84373.0078125,Crypto
2025-03-01,BTC-USD,86031.9140625,Crypto
2025-03-02,BTC-USD,94248.3515625,Crypto
2025-03-03,BTC-USD,86065.671875,Crypto
2025-03-04,BTC-USD,87222.1953125,Crypto
2025-03-05,BTC-USD,90623.5625,Crypto
2025-03-06,BTC-USD,89961.7265625,Crypto
2025-03-07,BTC-USD,86742.671875,Crypto
2025-03-08,BTC-USD,86154.59375,Crypto
2025-03-09,BTC-USD,80601.0390625,Crypto
2025-03-10,BTC-USD,78532.0,Crypto
2025-03-11,BTC-USD,82862.2109375,Crypto
2025-03-12,BTC-USD,83722.359375,Crypto
2025-03-13,BTC-USD,81066.703125,Crypto
2025-03-14,BTC-USD,83969.1015625,Crypto
2025-03-15,BTC-USD,84343.109375,Crypto
2025-03-16,BTC-USD,82579.6875,Crypto
2025-03-17,BTC-USD,84075.6875,Crypto
2025-03-18,BTC-USD,82718.5,Crypto
2025-03-19,BTC-USD,86854.2265625,Crypto
2025-03-20,BTC-USD,84167.1953125,Crypto
2025-03-21,BTC-USD,84043.2421875,Crypto
2025-03-22,BTC-USD,83832.484375,Crypto
2025-03-23,BTC-USD,86054.375,Crypto
2025-03-24,BTC-USD,87498.9140625,Crypto
2025-03-25,BTC-USD,87471.703125,Crypto
2025-03-26,BTC-USD,86900.8828125,Crypto
2025-03-27,BTC-USD,87177.1015625,Crypto
2025-03-28,BTC-USD,84353.1484375,Crypto
2025-03-29,BTC-USD,82597.5859375,Crypto
2025-03-30,BTC-USD,82334.5234375,Crypto
2025-03-31,BTC-USD,82548.9140625,Crypto
2025-04-01,BTC-USD,85169.171875,Crypto
2025-04-02,BTC-USD,82485.7109375,Crypto
2025-04-03,BTC-USD,83102.828125,Crypto
2025-04-04,BTC-USD,83843.8046875,Crypto
2025-04-05,BTC-USD,83504.796875,Crypto
2025-04-06,BTC-USD,78214.484375,Crypto
2025-04-07,BTC-USD,79235.3359375,Crypto
2025-04-08,BTC-USD,76271.953125,Crypto
2025-04-09,BTC-USD,82573.953125,Crypto
2025-04-10,BTC-USD,79626.140625,Crypto
2025-04-11,BTC-USD,83404.8359375,Crypto
2025-04-12,BTC-USD,85287.109375,Crypto
2025-04-13,BTC-USD,83684.9765625,Crypto
2025-04-14,BTC-USD,84542.390625,Crypto
2025-04-15,BTC-USD,83668.9921875,Crypto
2025-04-16,BTC-USD,84033.8671875,Crypto
2025-04-17,BTC-USD,84895.75,Crypto
2025-04-18,BTC-USD,84450.8046875,Crypto
2025-04-19,BTC-USD,85063.4140625,Crypto
2025-04-20,BTC-USD,85174.3046875,Crypto
2025-04-21,BTC-USD,87518.90625,Crypto
2025-04-22,BTC-USD,93441.890625,Crypto
2025-04-23,BTC-USD,93699.109375,Crypto
2025-04-24,BTC-USD,93943.796875,Crypto
2025-04-25,BTC-USD,94720.5,Crypto
2025-04-26,BTC-USD,94646.9296875,Crypto
2025-04-27,BTC-USD,93754.84375,Crypto
2025-04-28,BTC-USD,94978.75,Crypto
2025-04-29,BTC-USD,94284.7890625,Crypto
2025-04-30,BTC-USD,94207.3125,Crypto
2025-05-01,BTC-USD,96492.3359375,Crypto
2025-05-02,BTC-USD,96910.0703125,Crypto
2025-05-03,BTC-USD,95891.796875,Crypto
2025-05-04,BTC-USD,94315.9765625,Crypto
2025-05-05,BTC-USD,94748.0546875,Crypto
2025-05-06,BTC-USD,96802.4765625,Crypto
2025-05-07,BTC-USD,97032.3203125,Crypto
2025-05-08,BTC-USD,103241.4609375,Crypto
2025-05-09,BTC-USD,102970.8515625,Crypto
2025-05-10,BTC-USD,104696.328125,Crypto
2025-05-11,BTC-USD,104106.359375,Crypto
2025-05-12,BTC-USD,102812.953125,Crypto
2025-05-13,BTC-USD,104169.8125,Crypto
2025-05-14,BTC-USD,103539.4140625,Crypto
2025-05-15,BTC-USD,103744.640625,Crypto
2025-05-16,BTC-USD,103489.2890625,Crypto
2025-05-17,BTC-USD,103191.0859375,Crypto
2025-05-18,BTC-USD,106446.0078125,Crypto
2025-05-19,BTC-USD,105606.1796875,Crypto
2025-05-20,BTC-USD,106791.0859375,Crypto
2025-05-21,BTC-USD,109678.078125,Crypto
2025-05-22,BTC-USD,111673.28125,Crypto
2025-05-23,BTC-USD,107287.796875,Crypto
2025-05-24,BTC-USD,107791.15625,Crypto
2025-05-25,BTC-USD,109035.390625,Crypto
2025-05-26,BTC-USD,109440.3671875,Crypto
2025-05-27,BTC-USD,108994.640625,Crypto
2025-05-28,BTC-USD,107802.328125,Crypto
2025-05-29,BTC-USD,105641.7578125,Crypto
2025-05-30,BTC-USD,103998.5703125,Crypto
2025-05-31,BTC-USD,104638.09375,Crypto
2025-06-01,BTC-USD,105652.1015625,Crypto
2025-06-02,BTC-USD,105881.53125,Crypto
2025-06-03,BTC-USD,105432.46875,Crypto
2025-06-04,BTC-USD,104731.984375,Crypto
2025-06-05,BTC-USD,101575.953125,Crypto
2025-06-06,BTC-USD,104390.34375,Crypto
2025-06-07,BTC-USD,105615.625,Crypto
2025-06-08,BTC-USD,105793.6484375,Crypto
2025-06-09,BTC-USD,110294.1015625,Crypto
2025-06-10,BTC-USD,110257.234375,Crypto
2025-06-11,BTC-USD,108686.625,Crypto
2025-06-12,BTC-USD,105929.0546875,Crypto
2025-06-13,BTC-USD,106090.96875,Crypto
2025-06-14,BTC-USD,105472.40625,Crypto
2025-06-15,BTC-USD,105552.0234375,Crypto
2025-06-16,BTC-USD,106796.7578125,Crypto
2025-06-17,BTC-USD,104601.1171875,Crypto
2025-06-18,BTC-USD,104883.328125,Crypto
2025-06-19,BTC-USD,104684.2890625,Crypto
2025-06-20,BTC-USD,103309.6015625,Crypto
2025-06-21,BTC-USD,102257.40625,Crypto
2025-06-22,BTC-USD,100987.140625,Crypto
2025-06-23,BTC-USD,105577.7734375,Crypto
2025-06-24,BTC-USD,106045.6328125,Crypto
2025-06-25,BTC-USD,107361.2578125,Crypto
2025-06-26,BTC-USD,106960.0,Crypto
2025-06-27,BTC-USD,107088.4296875,Crypto
2025-06-28,BTC-USD,107327.703125,Crypto
2025-06-29,BTC-USD,108385.5703125,Crypto
2025-06-30,BTC-USD,107135.3359375,Crypto
2025-07-01,BTC-USD,105698.28125,Crypto
2025-07-02,BTC-USD,108859.3203125,Crypto
2025-07-03,BTC-USD,109647.9765625,Crypto
2025-07-04,BTC-USD,108034.3359375,Crypto
2025-07-05,BTC-USD,108231.1796875,Crypto
2025-07-06,BTC-USD,109232.0703125,Crypto
2025-07-07,BTC-USD,108299.8515625,Crypto
2025-07-08,BTC-USD,108950.2734375,Crypto
2025-07-09,BTC-USD,111326.5546875,Crypto
2025-07-10,BTC-USD,115987.203125,Crypto
2025-07-11,BTC-USD,117516.9921875,Crypto
2025-07-12,BTC-USD,117435.2265625,Crypto
2025-07-13,BTC-USD,117947.6484375,Crypto
2025-07-14,BTC-USD,119786.74,Future
2025-07-15,BTC-USD,119878.5,Future
2025-07-16,BTC-USD,118835.4,Future
2025-07-17,BTC-USD,119642.78,Future
2025-07-18,BTC-USD,119727.91,Future
2025-07-19,BTC-USD,119084.46,Future
2025-07-20,BTC-USD,119504.9,Future
2025-07-21,BTC-USD,119863.81,Future
2025-07-22,BTC-USD,118431.88,Future
2025-07-23,BTC-USD,119434.27,Future
2025-07-24,BTC-USD,119190.12,Future
2025-07-25,BTC-USD,116974.18,Future
2025-07-26,BTC-USD,116942.82,Future
2025-07-27,BTC-USD,115484.27,Future
2025-07-28,BTC-USD,116144.51,Future
2025-07-29,BTC-USD,116074.77,Future
2025-07-30,BTC-USD,116229.83,Future
2025-07-31,BTC-USD,116888.27,Future
2025-08-01,BTC-USD,117885.63,Future
2025-08-02,BTC-USD,119913.9,Future
2025-08-03,BTC-USD,120672.88,Future
2025-08-04,BTC-USD,120420.45,Future
2025-08-05,BTC-USD,119500.03,Future
2025-08-06,BTC-USD,118426.86,Future
2025-08-07,BTC-USD,119173.6,Future
2025-08-08,BTC-USD,117927.86,Future
2025-08-09,BTC-USD,117295.06,Future
2025-08-10,BTC-USD,117249.13,Future
2025-08-11,BTC-USD,116357.82,Future
2025-08-12,BTC-USD,116677.68,Future
2024-03-31,ETH-USD,3647.8564453125,Crypto
2024-04-01,ETH-USD,3505.030029296875,Crypto
2024-04-02,ETH-USD,3277.234619140625,Crypto
2024-04-03,ETH-USD,3311.44189453125,Crypto
2024-04-04,ETH-USD,3330.04052734375,Crypto
2024-04-05,ETH-USD,3318.88525390625,Crypto
2024-04-06,ETH-USD,3354.183837890625,Crypto
2024-04-07,ETH-USD,3453.49462890625,Crypto
2024-04-08,ETH-USD,3695.292724609375,Crypto
2024-04-09,ETH-USD,3505.163330078125,Crypto
2024-04-10,ETH-USD,3543.737060546875,Crypto
2024-04-11,ETH-USD,3505.247802734375,Crypto
2024-04-12,ETH-USD,3243.034912109375,Crypto
2024-04-13,ETH-USD,3004.900390625,Crypto
2024-04-14,ETH-USD,3156.94189453125,Crypto
2024-04-15,ETH-USD,3101.600341796875,Crypto
2024-04-16,ETH-USD,3084.920166015625,Crypto
2024-04-17,ETH-USD,2984.7275390625,Crypto
2024-04-18,ETH-USD,3066.027587890625,Crypto
2024-04-19,ETH-USD,3059.278564453125,Crypto
2024-04-20,ETH-USD,3157.627197265625,Crypto
2024-04-21,ETH-USD,3147.28857421875,Crypto
2024-04-22,ETH-USD,3201.652099609375,Crypto
2024-04-23,ETH-USD,3219.91162109375,Crypto
2024-04-24,ETH-USD,3139.80517578125,Crypto
2024-04-25,ETH-USD,3156.509521484375,Crypto
2024-04-26,ETH-USD,3130.164794921875,Crypto
2024-04-27,ETH-USD,3252.168212890625,Crypto
2024-04-28,ETH-USD,3262.774658203125,Crypto
2024-04-29,ETH-USD,3215.428955078125,Crypto
2024-04-30,ETH-USD,3012.286865234375,Crypto
2024-05-01,ETH-USD,2969.78466796875,Crypto
2024-05-02,ETH-USD,2988.16845703125,Crypto
2024-05-03,ETH-USD,3103.5419921875,Crypto
2024-05-04,ETH-USD,3117.576416015625,Crypto
2024-05-05,ETH-USD,3137.2490234375,Crypto
2024-05-06,ETH-USD,3062.728759765625,Crypto
2024-05-07,ETH-USD,3006.5771484375,Crypto
2024-05-08,ETH-USD,2973.6572265625,Crypto
2024-05-09,ETH-USD,3036.0205078125,Crypto
2024-05-10,ETH-USD,2909.791259765625,Crypto
2024-05-11,ETH-USD,2911.60205078125,Crypto
2024-05-12,ETH-USD,2928.701904296875,Crypto
2024-05-13,ETH-USD,2949.359619140625,Crypto
2024-05-14,ETH-USD,2881.157958984375,Crypto
2024-05-15,ETH-USD,3037.056640625,Crypto
2024-05-16,ETH-USD,2945.131103515625,Crypto
2024-05-17,ETH-USD,3094.11865234375,Crypto
2024-05-18,ETH-USD,3122.948974609375,Crypto
2024-05-19,ETH-USD,3071.843017578125,Crypto
2024-05-20,ETH-USD,3663.85546875,Crypto
2024-05-21,ETH-USD,3789.312744140625,Crypto
2024-05-22,ETH-USD,3737.2177734375,Crypto
2024-05-23,ETH-USD,3776.92724609375,Crypto
2024-05-24,ETH-USD,3726.9345703125,Crypto
2024-05-25,ETH-USD,3749.236572265625,Crypto
2024-05-26,ETH-USD,3825.8974609375,Crypto
2024-05-27,ETH-USD,3892.0068359375,Crypto
2024-05-28,ETH-USD,3840.25634765625,Crypto
2024-05-29,ETH-USD,3763.196533203125,Crypto
2024-05-30,ETH-USD,3746.849609375,Crypto
2024-05-31,ETH-USD,3760.026611328125,Crypto
2024-06-01,ETH-USD,3813.198974609375,Crypto
2024-06-02,ETH-USD,3780.89599609375,Crypto
2024-06-03,ETH-USD,3766.38916015625,Crypto
2024-06-04,ETH-USD,3812.515869140625,Crypto
2024-06-05,ETH-USD,3864.260986328125,Crypto
2024-06-06,ETH-USD,3811.60595703125,Crypto
2024-06-07,ETH-USD,3678.629150390625,Crypto
2024-06-08,ETH-USD,3680.949951171875,Crypto
2024-06-09,ETH-USD,3705.90380859375,Crypto
2024-06-10,ETH-USD,3666.717529296875,Crypto
2024-06-11,ETH-USD,3498.33056640625,Crypto
2024-06-12,ETH-USD,3559.61767578125,Crypto
2024-06-13,ETH-USD,3469.28125,Crypto
2024-06-14,ETH-USD,3480.27197265625,Crypto
2024-06-15,ETH-USD,3565.549560546875,Crypto
2024-06-16,ETH-USD,3620.5634765625,Crypto
2024-06-17,ETH-USD,3511.37890625,Crypto
2024-06-18,ETH-USD,3483.681396484375,Crypto
2024-06-19,ETH-USD,3559.347412109375,Crypto
2024-06-20,ETH-USD,3511.0869140625,Crypto
2024-06-21,ETH-USD,3516.07568359375,Crypto
2024-06-22,ETH-USD,3494.8134765625,Crypto
2024-06-23,ETH-USD,3418.61181640625,Crypto
2024-06-24,ETH-USD,3350.25634765625,Crypto
2024-06-25,ETH-USD,3395.029052734375,Crypto
2024-06-26,ETH-USD,3369.477294921875,Crypto
2024-06-27,ETH-USD,3444.800537109375,Crypto
2024-06-28,ETH-USD,3373.635986328125,Crypto
2024-06-29,ETH-USD,3372.9677734375,Crypto
2024-06-30,ETH-USD,3432.88916015625,Crypto
2024-07-01,ETH-USD,3440.341552734375,Crypto
2024-07-02,ETH-USD,3416.354736328125,Crypto
2024-07-03,ETH-USD,3292.916748046875,Crypto
2024-07-04,ETH-USD,3054.52197265625,Crypto
2024-07-05,ETH-USD,2981.5986328125,Crypto
2024-07-06,ETH-USD,3069.3779296875,Crypto
2024-07-07,ETH-USD,2929.38720703125,Crypto
2024-07-08,ETH-USD,3018.73193359375,Crypto
2024-07-09,ETH-USD,3064.032958984375,Crypto
2024-07-10,ETH-USD,3102.21875,Crypto
2024-07-11,ETH-USD,3100.330810546875,Crypto
2024-07-12,ETH-USD,3134.15869140625,Crypto
2024-07-13,ETH-USD,3177.19873046875,Crypto
2024-07-14,ETH-USD,3244.0791015625,Crypto
2024-07-15,ETH-USD,3489.552734375,Crypto
2024-07-16,ETH-USD,3443.513427734375,Crypto
2024-07-17,ETH-USD,3388.75244140625,Crypto
2024-07-18,ETH-USD,3426.258544921875,Crypto
2024-07-19,ETH-USD,3505.73486328125,Crypto
2024-07-20,ETH-USD,3519.29541015625,Crypto
2024-07-21,ETH-USD,3536.60546875,Crypto
2024-07-22,ETH-USD,3440.419921875,Crypto
2024-07-23,ETH-USD,3481.995849609375,Crypto
2024-07-24,ETH-USD,3336.33935546875,Crypto
2024-07-25,ETH-USD,3174.42724609375,Crypto
2024-07-26,ETH-USD,3275.951416015625,Crypto
2024-07-27,ETH-USD,3247.60791015625,Crypto
2024-07-28,ETH-USD,3271.464599609375,Crypto
2024-07-29,ETH-USD,3320.539306640625,Crypto
2024-07-30,ETH-USD,3278.667724609375,Crypto
2024-07-31,ETH-USD,3231.295654296875,Crypto
2024-08-01,ETH-USD,3201.564453125,Crypto
2024-08-02,ETH-USD,2986.01318359375,Crypto
2024-08-03,ETH-USD,2903.3857421875,Crypto
2024-08-04,ETH-USD,2686.39892578125,Crypto
2024-08-05,ETH-USD,2417.206298828125,Crypto
2024-08-06,ETH-USD,2458.723876953125,Crypto
2024-08-07,ETH-USD,2336.58935546875,Crypto
2024-08-08,ETH-USD,2683.352783203125,Crypto
2024-08-09,ETH-USD,2599.5986328125,Crypto
2024-08-10,ETH-USD,2610.02294921875,Crypto
2024-08-11,ETH-USD,2553.252197265625,Crypto
2024-08-12,ETH-USD,2724.431884765625,Crypto
2024-08-13,ETH-USD,2703.671875,Crypto
2024-08-14,ETH-USD,2662.914794921875,Crypto
2024-08-15,ETH-USD,2570.087646484375,Crypto
2024-08-16,ETH-USD,2593.1865234375,Crypto
2024-08-17,ETH-USD,2614.546875,Crypto
2024-08-18,ETH-USD,2613.357177734375,Crypto
2024-08-19,ETH-USD,2637.306396484375,Crypto
2024-08-20,ETH-USD,2573.10693359375,Crypto
2024-08-21,ETH-USD,2631.3955078125,Crypto
2024-08-22,ETH-USD,2622.951416015625,Crypto
2024-08-23,ETH-USD,2764.447021484375,Crypto
2024-08-24,ETH-USD,2769.3896484375,Crypto
2024-08-25,ETH-USD,2749.15771484375,Crypto
2024-08-26,ETH-USD,2681.340576171875,Crypto
2024-08-27,ETH-USD,2458.7265625,Crypto
2024-08-28,ETH-USD,2528.41552734375,Crypto
2024-08-29,ETH-USD,2528.792724609375,Crypto
2024-08-30,ETH-USD,2525.822021484375,Crypto
2024-08-31,ETH-USD,2513.393798828125,Crypto
2024-09-01,ETH-USD,2427.90234375,Crypto
2024-09-02,ETH-USD,2538.187255859375,Crypto
2024-09-03,ETH-USD,2420.603759765625,Crypto
2024-09-04,ETH-USD,2448.97705078125,Crypto
2024-09-05,ETH-USD,2367.737548828125,Crypto
2024-09-06,ETH-USD,2223.87646484375,Crypto
2024-09-07,ETH-USD,2274.107177734375,Crypto
2024-09-08,ETH-USD,2297.29296875,Crypto
2024-09-09,ETH-USD,2358.482177734375,Crypto
2024-09-10,ETH-USD,2389.5810546875,Crypto
2024-09-11,ETH-USD,2339.841552734375,Crypto
2024-09-12,ETH-USD,2361.78173828125,Crypto
2024-09-13,ETH-USD,2441.607177734375,Crypto
2024-09-14,ETH-USD,2418.595703125,Crypto
2024-09-15,ETH-USD,2320.897216796875,Crypto
2024-09-16,ETH-USD,2295.28369140625,Crypto
2024-09-17,ETH-USD,2341.707763671875,Crypto
2024-09-18,ETH-USD,2369.72900390625,Crypto
2024-09-19,ETH-USD,2464.752197265625,Crypto
2024-09-20,ETH-USD,2561.072021484375,Crypto
2024-09-21,ETH-USD,2615.857177734375,Crypto
2024-09-22,ETH-USD,2582.862548828125,Crypto
2024-09-23,ETH-USD,2648.54638671875,Crypto
2024-09-24,ETH-USD,2654.35498046875,Crypto
2024-09-25,ETH-USD,2579.388671875,Crypto
2024-09-26,ETH-USD,2632.199951171875,Crypto
2024-09-27,ETH-USD,2695.900634765625,Crypto
2024-09-28,ETH-USD,2677.5390625,Crypto
2024-09-29,ETH-USD,2659.346923828125,Crypto
2024-09-30,ETH-USD,2603.062744140625,Crypto
2024-10-01,ETH-USD,2448.921142578125,Crypto
2024-10-02,ETH-USD,2365.231689453125,Crypto
2024-10-03,ETH-USD,2349.791259765625,Crypto
2024-10-04,ETH-USD,2414.7939453125,Crypto
2024-10-05,ETH-USD,2415.6318359375,Crypto
2024-10-06,ETH-USD,2439.957763671875,Crypto
2024-10-07,ETH-USD,2421.796630859375,Crypto
2024-10-08,ETH-USD,2439.8408203125,Crypto
2024-10-09,ETH-USD,2368.283447265625,Crypto
2024-10-10,ETH-USD,2383.85791015625,Crypto
2024-10-11,ETH-USD,2436.513427734375,Crypto
2024-10-12,ETH-USD,2476.523193359375,Crypto
2024-10-13,ETH-USD,2467.677001953125,Crypto
2024-10-14,ETH-USD,2628.89990234375,Crypto
2024-10-15,ETH-USD,2606.02197265625,Crypto
2024-10-16,ETH-USD,2611.10205078125,Crypto
2024-10-17,ETH-USD,2604.2734375,Crypto
2024-10-18,ETH-USD,2641.55224609375,Crypto
2024-10-19,ETH-USD,2648.656982421875,Crypto
2024-10-20,ETH-USD,2746.364013671875,Crypto
2024-10-21,ETH-USD,2665.712158203125,Crypto
2024-10-22,ETH-USD,2620.197509765625,Crypto
2024-10-23,ETH-USD,2509.098876953125,Crypto
2024-10-24,ETH-USD,2534.49853515625,Crypto
2024-10-25,ETH-USD,2435.93408203125,Crypto
2024-10-26,ETH-USD,2479.603271484375,Crypto
2024-10-27,ETH-USD,2505.940673828125,Crypto
2024-10-28,ETH-USD,2565.34814453125,Crypto
2024-10-29,ETH-USD,2637.95751953125,Crypto
2024-10-30,ETH-USD,2657.37255859375,Crypto
2024-10-31,ETH-USD,2515.79931640625,Crypto
2024-11-01,ETH-USD,2511.885498046875,Crypto
2024-11-02,ETH-USD,2491.068603515625,Crypto
2024-11-03,ETH-USD,2456.42529296875,Crypto
2024-11-04,ETH-USD,2397.0263671875,Crypto
2024-11-05,ETH-USD,2422.650634765625,Crypto
2024-11-06,ETH-USD,2724.169189453125,Crypto
2024-11-07,ETH-USD,2895.58544921875,Crypto
2024-11-08,ETH-USD,2962.296630859375,Crypto
2024-11-09,ETH-USD,3131.14453125,Crypto
2024-11-10,ETH-USD,3191.331298828125,Crypto
2024-11-11,ETH-USD,3374.81298828125,Crypto
2024-11-12,ETH-USD,3246.25732421875,Crypto
2024-11-13,ETH-USD,3192.595947265625,Crypto
2024-11-14,ETH-USD,3058.94873046875,Crypto
2024-11-15,ETH-USD,3103.04052734375,Crypto
2024-11-16,ETH-USD,3133.27392578125,Crypto
2024-11-17,ETH-USD,3075.66162109375,Crypto
2024-11-18,ETH-USD,3207.8564453125,Crypto
2024-11-19,ETH-USD,3111.384033203125,Crypto
2024-11-20,ETH-USD,3072.18798828125,Crypto
2024-11-21,ETH-USD,3361.053955078125,Crypto
2024-11-22,ETH-USD,3331.600830078125,Crypto
2024-11-23,ETH-USD,3396.223388671875,Crypto
2024-11-24,ETH-USD,3363.659912109375,Crypto
2024-11-25,ETH-USD,3413.5439453125,Crypto
2024-11-26,ETH-USD,3326.517333984375,Crypto
2024-11-27,ETH-USD,3657.249267578125,Crypto
2024-11-28,ETH-USD,3579.8115234375,Crypto
2024-11-29,ETH-USD,3593.494384765625,Crypto
2024-11-30,ETH-USD,3705.705322265625,Crypto
2024-12-01,ETH-USD,3711.1650390625,Crypto
2024-12-02,ETH-USD,3644.198486328125,Crypto
2024-12-03,ETH-USD,3620.711669921875,Crypto
2024-12-04,ETH-USD,3841.3310546875,Crypto
2024-12-05,ETH-USD,3811.00830078125,Crypto
2024-12-06,ETH-USD,4005.810546875,Crypto
2024-12-07,ETH-USD,4002.692626953125,Crypto
2024-12-08,ETH-USD,4005.70458984375,Crypto
2024-12-09,ETH-USD,3718.6904296875,Crypto
2024-12-10,ETH-USD,3631.833740234375,Crypto
2024-12-11,ETH-USD,3832.822021484375,Crypto
2024-12-12,ETH-USD,3883.1015625,Crypto
2024-12-13,ETH-USD,3911.205322265625,Crypto
2024-12-14,ETH-USD,3868.4052734375,Crypto
2024-12-15,ETH-USD,3951.941162109375,Crypto
2024-12-16,ETH-USD,3987.48095703125,Crypto
2024-12-17,ETH-USD,3886.76611328125,Crypto
2024-12-18,ETH-USD,3618.791259765625,Crypto
2024-12-19,ETH-USD,3417.927978515625,Crypto
2024-12-20,ETH-USD,3472.553466796875,Crypto
2024-12-21,ETH-USD,3337.222412109375,Crypto
2024-12-22,ETH-USD,3277.53515625,Crypto
2024-12-23,ETH-USD,3415.785400390625,Crypto
2024-12-24,ETH-USD,3492.0498046875,Crypto
2024-12-25,ETH-USD,3493.2353515625,Crypto
2024-12-26,ETH-USD,3331.225830078125,Crypto
2024-12-27,ETH-USD,3328.9169921875,Crypto
2024-12-28,ETH-USD,3397.90234375,Crypto
2024-12-29,ETH-USD,3349.513427734375,Crypto
2024-12-30,ETH-USD,3356.392578125,Crypto
2024-12-31,ETH-USD,3332.53173828125,Crypto
2025-01-01,ETH-USD,3353.504150390625,Crypto
2025-01-02,ETH-USD,3451.392578125,Crypto
2025-01-03,ETH-USD,3605.009765625,Crypto
2025-01-04,ETH-USD,3657.706787109375,Crypto
2025-01-05,ETH-USD,3634.103759765625,Crypto
2025-01-06,ETH-USD,3688.611328125,Crypto
2025-01-07,ETH-USD,3381.577392578125,Crypto
2025-01-08,ETH-USD,3326.329345703125,Crypto
2025-01-09,ETH-USD,3219.4306640625,Crypto
2025-01-10,ETH-USD,3267.489990234375,Crypto
2025-01-11,ETH-USD,3282.2177734375,Crypto
2025-01-12,ETH-USD,3265.951171875,Crypto
2025-01-13,ETH-USD,3135.499755859375,Crypto
2025-01-14,ETH-USD,3223.6845703125,Crypto
2025-01-15,ETH-USD,3450.53759765625,Crypto
2025-01-16,ETH-USD,3308.34521484375,Crypto
2025-01-17,ETH-USD,3474.107177734375,Crypto
2025-01-18,ETH-USD,3305.78955078125,Crypto
2025-01-19,ETH-USD,3208.96435546875,Crypto
2025-01-20,ETH-USD,3278.035400390625,Crypto
2025-01-21,ETH-USD,3327.40625,Crypto
2025-01-22,ETH-USD,3240.224609375,Crypto
2025-01-23,ETH-USD,3334.714111328125,Crypto
2025-01-24,ETH-USD,3309.554931640625,Crypto
2025-01-25,ETH-USD,3317.26953125,Crypto
2025-01-26,ETH-USD,3236.13427734375,Crypto
2025-01-27,ETH-USD,3178.92041015625,Crypto
2025-01-28,ETH-USD,3077.112548828125,Crypto
2025-01-29,ETH-USD,3112.9990234375,Crypto
2025-01-30,ETH-USD,3247.780029296875,Crypto
2025-01-31,ETH-USD,3298.26513671875,Crypto
2025-02-01,ETH-USD,3118.32861328125,Crypto
2025-02-02,ETH-USD,2868.69287109375,Crypto
2025-02-03,ETH-USD,2884.566650390625,Crypto
2025-02-04,ETH-USD,2735.05126953125,Crypto
2025-02-05,ETH-USD,2787.779052734375,Crypto
2025-02-06,ETH-USD,2688.40087890625,Crypto
2025-02-07,ETH-USD,2622.211181640625,Crypto
2025-02-08,ETH-USD,2632.308349609375,Crypto
2025-02-09,ETH-USD,2628.72119140625,Crypto
2025-02-10,ETH-USD,2661.166748046875,Crypto
2025-02-11,ETH-USD,2602.781982421875,Crypto
2025-02-12,ETH-USD,2736.902099609375,Crypto
2025-02-13,ETH-USD,2675.902587890625,Crypto
2025-02-14,ETH-USD,2726.091552734375,Crypto
2025-02-15,ETH-USD,2693.559814453125,Crypto
2025-02-16,ETH-USD,2663.31591796875,Crypto
2025-02-17,ETH-USD,2743.19970703125,Crypto
2025-02-18,ETH-USD,2669.3388671875,Crypto
2025-02-19,ETH-USD,2715.77099609375,Crypto
2025-02-20,ETH-USD,2740.386474609375,Crypto
2025-02-21,ETH-USD,2659.655517578125,Crypto
2025-02-22,ETH-USD,2764.029296875,Crypto
2025-02-23,ETH-USD,2821.310302734375,Crypto
2025-02-24,ETH-USD,2513.8212890625,Crypto
2025-02-25,ETH-USD,2493.592529296875,Crypto
2025-02-26,ETH-USD,2331.45263671875,Crypto
2025-02-27,ETH-USD,2305.484375,Crypto
2025-02-28,ETH-USD,2237.9052734375,Crypto
2025-03-01,ETH-USD,2216.643310546875,Crypto
2025-03-02,ETH-USD,2519.694580078125,Crypto
2025-03-03,ETH-USD,2145.573974609375,Crypto
2025-03-04,ETH-USD,2170.01513671875,Crypto
2025-03-05,ETH-USD,2241.977294921875,Crypto
2025-03-06,ETH-USD,2202.476806640625,Crypto
2025-03-07,ETH-USD,2138.987548828125,Crypto
2025-03-08,ETH-USD,2201.51025390625,Crypto
2025-03-09,ETH-USD,2015.5091552734375,Crypto
2025-03-10,ETH-USD,1861.1513671875,Crypto
2025-03-11,ETH-USD,1919.844970703125,Crypto
2025-03-12,ETH-USD,1908.982666015625,Crypto
2025-03-13,ETH-USD,1862.9696044921875,Crypto
2025-03-14,ETH-USD,1909.467529296875,Crypto
2025-03-15,ETH-USD,1937.3946533203125,Crypto
2025-03-16,ETH-USD,1887.43505859375,Crypto
2025-03-17,ETH-USD,1927.0029296875,Crypto
2025-03-18,ETH-USD,1932.54345703125,Crypto
2025-03-19,ETH-USD,2057.7490234375,Crypto
2025-03-20,ETH-USD,1982.099853515625,Crypto
2025-03-21,ETH-USD,1964.8475341796875,Crypto
2025-03-22,ETH-USD,1980.037841796875,Crypto
2025-03-23,ETH-USD,2005.2991943359375,Crypto
2025-03-24,ETH-USD,2077.47900390625,Crypto
2025-03-25,ETH-USD,2067.76416015625,Crypto
2025-03-26,ETH-USD,2009.1893310546875,Crypto
2025-03-27,ETH-USD,2002.357421875,Crypto
2025-03-28,ETH-USD,1895.5029296875,Crypto
2025-03-29,ETH-USD,1827.3203125,Crypto
2025-03-30,ETH-USD,1806.2186279296875,Crypto
2025-03-31,ETH-USD,1823.47998046875,Crypto
2025-04-01,ETH-USD,1905.491455078125,Crypto
2025-04-02,ETH-USD,1795.313232421875,Crypto
2025-04-03,ETH-USD,1815.63720703125,Crypto
2025-04-04,ETH-USD,1815.335205078125,Crypto
2025-04-05,ETH-USD,1805.9732666015625,Crypto
2025-04-06,ETH-USD,1576.72802734375,Crypto
2025-04-07,ETH-USD,1555.240966796875,Crypto
2025-04-08,ETH-USD,1472.5531005859375,Crypto
2025-04-09,ETH-USD,1668.0400390625,Crypto
2025-04-10,ETH-USD,1522.518798828125,Crypto
2025-04-11,ETH-USD,1567.1497802734375,Crypto
2025-04-12,ETH-USD,1643.528564453125,Crypto
2025-04-13,ETH-USD,1596.685791015625,Crypto
2025-04-14,ETH-USD,1622.7698974609375,Crypto
2025-04-15,ETH-USD,1588.6324462890625,Crypto
2025-04-16,ETH-USD,1578.1053466796875,Crypto
2025-04-17,ETH-USD,1582.54833984375,Crypto
2025-04-18,ETH-USD,1588.9246826171875,Crypto
2025-04-19,ETH-USD,1612.9228515625,Crypto
2025-04-20,ETH-USD,1587.5142822265625,Crypto
2025-04-21,ETH-USD,1579.7344970703125,Crypto
2025-04-22,ETH-USD,1757.3316650390625,Crypto
2025-04-23,ETH-USD,1796.104248046875,Crypto
2025-04-24,ETH-USD,1769.8316650390625,Crypto
2025-04-25,ETH-USD,1786.634521484375,Crypto
2025-04-26,ETH-USD,1821.881103515625,Crypto
2025-04-27,ETH-USD,1792.864990234375,Crypto
2025-04-28,ETH-USD,1798.851806640625,Crypto
2025-04-29,ETH-USD,1799.1756591796875,Crypto
2025-04-30,ETH-USD,1793.775390625,Crypto
2025-05-01,ETH-USD,1839.2215576171875,Crypto
2025-05-02,ETH-USD,1842.7078857421875,Crypto
2025-05-03,ETH-USD,1833.8397216796875,Crypto
2025-05-04,ETH-USD,1808.59423828125,Crypto
2025-05-05,ETH-USD,1819.697509765625,Crypto
2025-05-06,ETH-USD,1815.0875244140625,Crypto
2025-05-07,ETH-USD,1811.606689453125,Crypto
2025-05-08,ETH-USD,2206.5146484375,Crypto
2025-05-09,ETH-USD,2345.50732421875,Crypto
2025-05-10,ETH-USD,2582.422607421875,Crypto
2025-05-11,ETH-USD,2510.23779296875,Crypto
2025-05-12,ETH-USD,2496.397705078125,Crypto
2025-05-13,ETH-USD,2680.129638671875,Crypto
2025-05-14,ETH-USD,2610.063232421875,Crypto
2025-05-15,ETH-USD,2546.85693359375,Crypto
2025-05-16,ETH-USD,2536.297607421875,Crypto
2025-05-17,ETH-USD,2475.75439453125,Crypto
2025-05-18,ETH-USD,2498.233642578125,Crypto
2025-05-19,ETH-USD,2529.166748046875,Crypto
2025-05-20,ETH-USD,2524.173095703125,Crypto
2025-05-21,ETH-USD,2552.34716796875,Crypto
2025-05-22,ETH-USD,2664.156982421875,Crypto
2025-05-23,ETH-USD,2526.44189453125,Crypto
2025-05-24,ETH-USD,2530.646240234375,Crypto
2025-05-25,ETH-USD,2551.763916015625,Crypto
2025-05-26,ETH-USD,2564.138427734375,Crypto
2025-05-27,ETH-USD,2663.06982421875,Crypto
2025-05-28,ETH-USD,2682.212890625,Crypto
2025-05-29,ETH-USD,2632.65478515625,Crypto
2025-05-30,ETH-USD,2529.943603515625,Crypto
2025-05-31,ETH-USD,2529.08740234375,Crypto
2025-06-01,ETH-USD,2536.266357421875,Crypto
2025-06-02,ETH-USD,2607.097412109375,Crypto
2025-06-03,ETH-USD,2593.2802734375,Crypto
2025-06-04,ETH-USD,2608.64306640625,Crypto
2025-06-05,ETH-USD,2416.28564453125,Crypto
2025-06-06,ETH-USD,2477.19482421875,Crypto
2025-06-07,ETH-USD,2526.50537109375,Crypto
2025-06-08,ETH-USD,2510.787109375,Crypto
2025-06-09,ETH-USD,2681.51708984375,Crypto
2025-06-10,ETH-USD,2813.517578125,Crypto
2025-06-11,ETH-USD,2773.529296875,Crypto
2025-06-12,ETH-USD,2651.795166015625,Crypto
2025-06-13,ETH-USD,2579.486083984375,Crypto
2025-06-14,ETH-USD,2533.444091796875,Crypto
2025-06-15,ETH-USD,2546.837158203125,Crypto
2025-06-16,ETH-USD,2540.60498046875,Crypto
2025-06-17,ETH-USD,2510.761474609375,Crypto
2025-06-18,ETH-USD,2524.301513671875,Crypto
2025-06-19,ETH-USD,2521.653564453125,Crypto
2025-06-20,ETH-USD,2407.30419921875,Crypto
2025-06-21,ETH-USD,2300.49560546875,Crypto
2025-06-22,ETH-USD,2228.213134765625,Crypto
2025-06-23,ETH-USD,2421.824951171875,Crypto
2025-06-24,ETH-USD,2448.0087890625,Crypto
2025-06-25,ETH-USD,2419.310302734375,Crypto
2025-06-26,ETH-USD,2416.146728515625,Crypto
2025-06-27,ETH-USD,2423.866943359375,Crypto
2025-06-28,ETH-USD,2437.109375,Crypto
2025-06-29,ETH-USD,2500.9599609375,Crypto
2025-06-30,ETH-USD,2486.46435546875,Crypto
2025-07-01,ETH-USD,2405.792724609375,Crypto
2025-07-02,ETH-USD,2571.33544921875,Crypto
2025-07-03,ETH-USD,2591.00732421875,Crypto
2025-07-04,ETH-USD,2508.518310546875,Crypto
2025-07-05,ETH-USD,2517.280029296875,Crypto
2025-07-06,ETH-USD,2571.236572265625,Crypto
2025-07-07,ETH-USD,2543.01318359375,Crypto
2025-07-08,ETH-USD,2615.505859375,Crypto
2025-07-09,ETH-USD,2770.777587890625,Crypto
2025-07-10,ETH-USD,2954.84521484375,Crypto
2025-07-11,ETH-USD,2957.88623046875,Crypto
2025-07-12,ETH-USD,2942.91162109375,Crypto
2025-07-13,ETH-USD,2959.803955078125,Crypto
2025-07-14,ETH-USD,2957.33,Future
2025-07-15,ETH-USD,2943.24,Future
2025-07-16,ETH-USD,2954.54,Future
2025-07-17,ETH-USD,2908.94,Future
2025-07-18,ETH-USD,2932.21,Future
2025-07-19,ETH-USD,2929.58,Future
2025-07-20,ETH-USD,2879.5,Future
2025-07-21,ETH-USD,2850.13,Future
2025-07-22,ETH-USD,2825.4,Future
2025-07-23,ETH-USD,2814.03,Future
2025-07-24,ETH-USD,2809.76,Future
2025-07-25,ETH-USD,2816.87,Future
2025-07-26,ETH-USD,2773.11,Future
2025-07-27,ETH-USD,2772.37,Future
2025-07-28,ETH-USD,2803.25,Future
2025-07-29,ETH-USD,2815.97,Future
2025-07-30,ETH-USD,2805.97,Future
2025-07-31,ETH-USD,2808.37,Future
2025-08-01,ETH-USD,2857.7,Future
2025-08-02,ETH-USD,2978.59,Future
2025-08-03,ETH-USD,2984.23,Future
2025-08-04,ETH-USD,2983.58,Future
2025-08-05,ETH-USD,2985.19,Future
2025-08-06,ETH-USD,2968.97,Future
2025-08-07,ETH-USD,3025.71,Future
2025-08-08,ETH-USD,3087.11,Future
2025-08-09,ETH-USD,3081.85,Future
2025-08-10,ETH-USD,3076.99,Future
2025-08-11,ETH-USD,3057.82,Future
2025-08-12,ETH-USD,3088.59,Future
2023-08-25,MSFT,318.7080383300781,Stock
2023-08-28,MSFT,319.41851806640625,Stock
2023-08-29,MSFT,324.06622314453125,Stock
2023-08-30,MSFT,324.4411926269531,Stock
2023-08-31,MSFT,323.4248352050781,Stock
2023-09-01,MSFT,324.3129577636719,Stock
2023-09-05,MSFT,329.13824462890625,Stock
2023-09-06,MSFT,328.4771423339844,Stock
2023-09-07,MSFT,325.5464172363281,Stock
2023-09-08,MSFT,329.8487243652344,Stock
2023-09-11,MSFT,333.4701843261719,Stock
2023-09-12,MSFT,327.38177490234375,Stock
2023-09-13,MSFT,331.6150817871094,Stock
2023-09-14,MSFT,334.2201232910156,Stock
2023-09-15,MSFT,325.8522644042969,Stock
2023-09-18,MSFT,324.7076110839844,Stock
2023-09-19,MSFT,324.3030090332031,Stock
2023-09-20,MSFT,316.5272521972656,Stock
2023-09-21,MSFT,315.3036804199219,Stock
2023-09-22,MSFT,312.8170166015625,Stock
2023-09-25,MSFT,313.3399658203125,Stock
2023-09-26,MSFT,308.011474609375,Stock
2023-09-27,MSFT,308.65283203125,Stock
2023-09-28,MSFT,309.4916076660156,Stock
2023-09-29,MSFT,311.57366943359375,Stock
2023-10-02,MSFT,317.5436096191406,Stock
2023-10-03,MSFT,309.24493408203125,Stock
2023-10-04,MSFT,314.7412109375,Stock
2023-10-05,MSFT,315.1358947753906,Stock
2023-10-06,MSFT,322.93145751953125,Stock
2023-10-09,MSFT,325.4575500488281,Stock
2023-10-10,MSFT,324.0465087890625,Stock
2023-10-11,MSFT,328.023193359375,Stock
2023-10-12,MSFT,326.77984619140625,Stock
2023-10-13,MSFT,323.3952331542969,Stock
2023-10-16,MSFT,328.2402648925781,Stock
2023-10-17,MSFT,327.6679382324219,Stock
2023-10-18,MSFT,325.7437438964844,Stock
2023-10-19,MSFT,326.937744140625,Stock
2023-10-20,MSFT,322.3492126464844,Stock
2023-10-23,MSFT,324.96417236328125,Stock
2023-10-24,MSFT,326.1581726074219,Stock
2023-10-25,MSFT,336.1640625,Stock
2023-10-26,MSFT,323.5531311035156,Stock
2023-10-27,MSFT,325.44769287109375,Stock
2023-10-30,MSFT,332.8485107421875,Stock
2023-10-31,MSFT,333.6379089355469,Stock
2023-11-01,MSFT,341.4926452636719,Stock
2023-11-02,MSFT,343.7128601074219,Stock
2023-11-03,MSFT,348.1336364746094,Stock
2023-11-06,MSFT,351.8143005371094,Stock
2023-11-07,MSFT,355.7613525390625,Stock
2023-11-08,MSFT,358.3960876464844,Stock
2023-11-09,MSFT,355.9193115234375,Stock
2023-11-10,MSFT,364.7804870605469,Stock
2023-11-13,MSFT,361.8299865722656,Stock
2023-11-14,MSFT,365.37255859375,Stock
2023-11-15,MSFT,365.5208740234375,Stock
2023-11-16,MSFT,371.9479064941406,Stock
2023-11-17,MSFT,365.6988220214844,Stock
2023-11-20,MSFT,373.2036437988281,Stock
2023-11-21,MSFT,368.8827209472656,Stock
2023-11-22,MSFT,373.60906982421875,Stock
2023-11-24,MSFT,373.19378662109375,Stock
2023-11-27,MSFT,374.3605041503906,Stock
2023-11-28,MSFT,378.4046325683594,Stock
2023-11-29,MSFT,374.59783935546875,Stock
2023-11-30,MSFT,374.65716552734375,Stock
2023-12-01,MSFT,370.30657958984375,Stock
2023-12-04,MSFT,364.996826171875,Stock
2023-12-05,MSFT,368.3388977050781,Stock
2023-12-06,MSFT,364.66064453125,Stock
2023-12-07,MSFT,366.7865295410156,Stock
2023-12-08,MSFT,370.0296936035156,Stock
2023-12-11,MSFT,367.1325378417969,Stock
2023-12-12,MSFT,370.177978515625,Stock
2023-12-13,MSFT,370.1681213378906,Stock
2023-12-14,MSFT,361.8228454589844,Stock
2023-12-15,MSFT,366.5690002441406,Stock
2023-12-18,MSFT,368.4674072265625,Stock
2023-12-19,MSFT,369.070556640625,Stock
2023-12-20,MSFT,366.4601745605469,Stock
2023-12-21,MSFT,369.3474426269531,Stock
2023-12-22,MSFT,370.3757629394531,Stock
2023-12-26,MSFT,370.4548645019531,Stock
2023-12-27,MSFT,369.8714904785156,Stock
2023-12-28,MSFT,371.0679016113281,Stock
2023-12-29,MSFT,371.81939697265625,Stock
2024-01-02,MSFT,366.70733642578125,Stock
2024-01-03,MSFT,366.4404296875,Stock
2024-01-04,MSFT,363.8102722167969,Stock
2024-01-05,MSFT,363.62237548828125,Stock
2024-01-08,MSFT,370.4845275878906,Stock
2024-01-09,MSFT,371.57220458984375,Stock
2024-01-10,MSFT,378.47381591796875,Stock
2024-01-11,MSFT,380.31292724609375,Stock
2024-01-12,MSFT,384.1098937988281,Stock
2024-01-16,MSFT,385.8896789550781,Stock
2024-01-17,MSFT,385.0986328125,Stock
2024-01-18,MSFT,389.4492492675781,Stock
2024-01-19,MSFT,394.1953430175781,Stock
2024-01-22,MSFT,392.05963134765625,Stock
2024-01-23,MSFT,394.4227600097656,Stock
2024-01-24,MSFT,398.04168701171875,Stock
2024-01-25,MSFT,400.3258056640625,Stock
2024-01-26,MSFT,399.39630126953125,Stock
2024-01-29,MSFT,405.121337890625,Stock
2024-01-30,MSFT,404.0040588378906,Stock
2024-01-31,MSFT,393.11761474609375,Stock
2024-02-01,MSFT,399.2480163574219,Stock
2024-02-02,MSFT,406.6044616699219,Stock
2024-02-05,MSFT,401.0970153808594,Stock
2024-02-06,MSFT,400.9388122558594,Stock
2024-02-07,MSFT,409.4027404785156,Stock
2024-02-08,MSFT,409.4620666503906,Stock
2024-02-09,MSFT,415.82977294921875,Stock
2024-02-12,MSFT,410.5991516113281,Stock
2024-02-13,MSFT,401.759521484375,Stock
2024-02-14,MSFT,405.6426696777344,Stock
2024-02-15,MSFT,402.7402038574219,Stock
2024-02-16,MSFT,400.2637023925781,Stock
2024-02-20,MSFT,399.005615234375,Stock
2024-02-21,MSFT,398.4013671875,Stock
2024-02-22,MSFT,407.7823791503906,Stock
2024-02-23,MSFT,406.4847106933594,Stock
2024-02-26,MSFT,403.7110290527344,Stock
2024-02-27,MSFT,403.6515808105469,Stock
2024-02-28,MSFT,403.88934326171875,Stock
2024-02-29,MSFT,409.7536926269531,Stock
2024-03-01,MSFT,411.59619140625,Stock
2024-03-04,MSFT,411.0216369628906,Stock
2024-03-05,MSFT,398.866943359375,Stock
2024-03-06,MSFT,398.3122253417969,Stock
2024-03-07,MSFT,405.2959899902344,Stock
2024-03-08,MSFT,402.4034118652344,Stock
2024-03-11,MSFT,400.7193603515625,Stock
2024-03-12,MSFT,411.3782958984375,Stock
2024-03-13,MSFT,411.1999816894531,Stock
2024-03-14,MSFT,421.22491455078125,Stock
2024-03-15,MSFT,412.507568359375,Stock
2024-03-18,MSFT,413.39910888671875,Stock
2024-03-19,MSFT,417.4506530761719,Stock
2024-03-20,MSFT,421.23480224609375,Stock
2024-03-21,MSFT,425.3358459472656,Stock
2024-03-22,MSFT,424.7118225097656,Stock
2024-03-25,MSFT,418.88702392578125,Stock
2024-03-26,MSFT,417.6884460449219,Stock
2024-03-27,MSFT,417.4704895019531,Stock
2024-03-28,MSFT,416.7671813964844,Stock
2024-04-01,MSFT,420.58099365234375,Stock
2024-04-02,MSFT,417.4803771972656,Stock
2024-04-03,MSFT,416.4997253417969,Stock
2024-04-04,MSFT,413.9538879394531,Stock
2024-04-05,MSFT,421.52203369140625,Stock
2024-04-08,MSFT,420.600830078125,Stock
2024-04-09,MSFT,422.2749328613281,Stock
2024-04-10,MSFT,419.2833251953125,Stock
2024-04-11,MSFT,423.9093933105469,Stock
2024-04-12,MSFT,417.93609619140625,Stock
2024-04-15,MSFT,409.7536926269531,Stock
2024-04-16,MSFT,410.6848449707031,Stock
2024-04-17,MSFT,407.9706115722656,Stock
2024-04-18,MSFT,400.4717102050781,Stock
2024-04-19,MSFT,395.3701171875,Stock
2024-04-22,MSFT,397.19281005859375,Stock
2024-04-23,MSFT,403.7407531738281,Stock
2024-04-24,MSFT,405.2167053222656,Stock
2024-04-25,MSFT,395.2908935546875,Stock
2024-04-26,MSFT,402.5024719238281,Stock
2024-04-29,MSFT,398.4706726074219,Stock
2024-04-30,MSFT,385.67205810546875,Stock
2024-05-01,MSFT,391.2293701171875,Stock
2024-05-02,MSFT,394.10211181640625,Stock
2024-05-03,MSFT,402.8392639160156,Stock
2024-05-06,MSFT,409.6546630859375,Stock
2024-05-07,MSFT,405.4941101074219,Stock
2024-05-08,MSFT,406.682861328125,Stock
2024-05-09,MSFT,408.44610595703125,Stock
2024-05-10,MSFT,410.8433532714844,Stock
2024-05-13,MSFT,409.83294677734375,Stock
2024-05-14,MSFT,412.6462707519531,Stock
2024-05-15,MSFT,419.86090087890625,Stock
2024-05-16,MSFT,417.7868347167969,Stock
2024-05-17,MSFT,417.01275634765625,Stock
2024-05-20,MSFT,422.103759765625,Stock
2024-05-21,MSFT,425.7756042480469,Stock
2024-05-22,MSFT,427.24432373046875,Stock
2024-05-23,MSFT,423.7510986328125,Stock
2024-05-24,MSFT,426.8870849609375,Stock
2024-05-28,MSFT,427.04583740234375,Stock
2024-05-29,MSFT,425.90460205078125,Stock
2024-05-30,MSFT,411.51495361328125,Stock
2024-05-31,MSFT,411.9714660644531,Stock
2024-06-03,MSFT,410.3736877441406,Stock
2024-06-04,MSFT,412.904296875,Stock
2024-06-05,MSFT,420.78387451171875,Stock
2024-06-06,MSFT,421.28997802734375,Stock
2024-06-07,MSFT,420.6250915527344,Stock
2024-06-10,MSFT,424.614501953125,Stock
2024-06-11,MSFT,429.38787841796875,Stock
2024-06-12,MSFT,437.7041320800781,Stock
2024-06-13,MSFT,438.2201843261719,Stock
2024-06-14,MSFT,439.2026672363281,Stock
2024-06-17,MSFT,444.95849609375,Stock
2024-06-18,MSFT,442.9439697265625,Stock
2024-06-20,MSFT,442.308837890625,Stock
2024-06-21,MSFT,446.3577880859375,Stock
2024-06-24,MSFT,444.2638854980469,Stock
2024-06-25,MSFT,447.5188903808594,Stock
2024-06-26,MSFT,448.71966552734375,Stock
2024-06-27,MSFT,449.4044494628906,Stock
2024-06-28,MSFT,443.5493469238281,Stock
2024-07-01,MSFT,453.2549133300781,Stock
2024-07-02,MSFT,455.7854919433594,Stock
2024-07-03,MSFT,457.26416015625,Stock
2024-07-05,MSFT,464.00250244140625,Stock
2024-07-08,MSFT,462.69256591796875,Stock
2024-07-09,MSFT,456.0435485839844,Stock
2024-07-10,MSFT,462.7024841308594,Stock
2024-07-11,MSFT,451.2403564453125,Stock
2024-07-12,MSFT,450.09912109375,Stock
2024-07-15,MSFT,450.5059814453125,Stock
2024-07-16,MSFT,446.0997619628906,Stock
2024-07-17,MSFT,440.1454162597656,Stock
2024-07-18,MSFT,437.0194091796875,Stock
2024-07-19,MSFT,433.7841796875,Stock
2024-07-22,MSFT,439.5698547363281,Stock
2024-07-23,MSFT,441.4653015136719,Stock
2024-07-24,MSFT,425.6366271972656,Stock
2024-07-25,MSFT,415.216552734375,Stock
2024-07-26,MSFT,422.0342712402344,Stock
2024-07-29,MSFT,423.4831848144531,Stock
2024-07-30,MSFT,419.70220947265625,Stock
2024-07-31,MSFT,415.16693115234375,Stock
2024-08-01,MSFT,413.93634033203125,Stock
2024-08-02,MSFT,405.3819580078125,Stock
2024-08-05,MSFT,392.1434326171875,Stock
2024-08-06,MSFT,396.56951904296875,Stock
2024-08-07,MSFT,395.3985290527344,Stock
2024-08-08,MSFT,399.6260986328125,Stock
2024-08-09,MSFT,402.9307556152344,Stock
2024-08-12,MSFT,403.7146911621094,Stock
2024-08-13,MSFT,410.8599853515625,Stock
2024-08-14,MSFT,413.6882629394531,Stock
2024-08-15,MSFT,418.5796203613281,Stock
2024-08-16,MSFT,416.0345153808594,Stock
2024-08-19,MSFT,419.07672119140625,Stock
2024-08-20,MSFT,422.32769775390625,Stock
2024-08-21,MSFT,421.67156982421875,Stock
2024-08-22,MSFT,413.13153076171875,Stock
2024-08-23,MSFT,414.36431884765625,Stock
2024-08-26,MSFT,411.08349609375,Stock
2024-08-27,MSFT,411.43145751953125,Stock
2024-08-28,MSFT,408.2103271484375,Stock
2024-08-29,MSFT,410.71563720703125,Stock
2024-08-30,MSFT,414.7122802734375,Stock
2024-09-03,MSFT,407.05706787109375,Stock
2024-09-04,MSFT,406.5202331542969,Stock
2024-09-05,MSFT,406.0132141113281,Stock
2024-09-06,MSFT,399.3621520996094,Stock
2024-09-09,MSFT,403.3587646484375,Stock
2024-09-10,MSFT,411.7894287109375,Stock
2024-09-11,MSFT,420.57794189453125,Stock
2024-09-12,MSFT,424.514892578125,Stock
2024-09-13,MSFT,428.083984375,Stock
2024-09-16,MSFT,428.8296203613281,Stock
2024-09-17,MSFT,432.61749267578125,Stock
2024-09-18,MSFT,428.302734375,Stock
2024-09-19,MSFT,436.1368713378906,Stock
2024-09-20,MSFT,432.73675537109375,Stock
2024-09-23,MSFT,430.9870300292969,Stock
2024-09-24,MSFT,426.67230224609375,Stock
2024-09-25,MSFT,429.5951232910156,Stock
2024-09-26,MSFT,428.7998046875,Stock
2024-09-27,MSFT,425.5289611816406,Stock
2024-09-30,MSFT,427.7956848144531,Stock
2024-10-01,MSFT,418.24163818359375,Stock
2024-10-02,MSFT,414.7023620605469,Stock
2024-10-03,MSFT,414.11578369140625,Stock
2024-10-04,MSFT,413.6385498046875,Stock
2024-10-07,MSFT,407.1565246582031,Stock
2024-10-08,MSFT,412.29638671875,Stock
2024-10-09,MSFT,415.0303955078125,Stock
2024-10-10,MSFT,413.4198303222656,Stock
2024-10-11,MSFT,413.89703369140625,Stock
2024-10-14,MSFT,416.7006530761719,Stock
2024-10-15,MSFT,416.302978515625,Stock
2024-10-16,MSFT,413.6982116699219,Stock
2024-10-17,MSFT,414.2947082519531,Stock
2024-10-18,MSFT,415.72637939453125,Stock
2024-10-21,MSFT,416.3427429199219,Stock
2024-10-22,MSFT,425.0219421386719,Stock
2024-10-23,MSFT,422.1288757324219,Stock
2024-10-24,MSFT,422.25811767578125,Stock
2024-10-25,MSFT,425.658203125,Stock
2024-10-28,MSFT,424.1072998046875,Stock
2024-10-29,MSFT,429.43609619140625,Stock
2024-10-30,MSFT,430.0126953125,Stock
2024-10-31,MSFT,403.985107421875,Stock
2024-11-01,MSFT,407.9816589355469,Stock
2024-11-04,MSFT,406.082763671875,Stock
2024-11-05,MSFT,409.0653076171875,Stock
2024-11-06,MSFT,417.7345886230469,Stock
2024-11-07,MSFT,422.9540100097656,Stock
2024-11-08,MSFT,420.08087158203125,Stock
2024-11-11,MSFT,415.57720947265625,Stock
2024-11-12,MSFT,420.5679931640625,Stock
2024-11-13,MSFT,422.7253723144531,Stock
2024-11-14,MSFT,424.4055480957031,Stock
2024-11-15,MSFT,412.5847473144531,Stock
2024-11-18,MSFT,413.34033203125,Stock
2024-11-19,MSFT,415.3585205078125,Stock
2024-11-20,MSFT,413.0718688964844,Stock
2024-11-21,MSFT,411.2887268066406,Stock
2024-11-22,MSFT,415.40289306640625,Stock
2024-11-25,MSFT,417.1860656738281,Stock
2024-11-26,MSFT,426.350830078125,Stock
2024-11-27,MSFT,421.3699645996094,Stock
2024-11-29,MSFT,421.83819580078125,Stock
2024-12-02,MSFT,429.3293762207031,Stock
2024-12-03,MSFT,429.5485534667969,Stock
2024-12-04,MSFT,435.7447204589844,Stock
2024-12-05,MSFT,440.9248046875,Stock
2024-12-06,MSFT,441.87115478515625,Stock
2024-12-09,MSFT,444.311767578125,Stock
2024-12-10,MSFT,441.6320495605469,Stock
2024-12-11,MSFT,447.2704162597656,Stock
2024-12-12,MSFT,447.83819580078125,Stock
2024-12-13,MSFT,445.5569763183594,Stock
2024-12-16,MSFT,449.86041259765625,Stock
2024-12-17,MSFT,452.7194519042969,Stock
2024-12-18,MSFT,435.71484375,Stock
2024-12-19,MSFT,435.356201171875,Stock
2024-12-20,MSFT,434.9278869628906,Stock
2024-12-23,MSFT,433.5830383300781,Stock
2024-12-24,MSFT,437.64739990234375,Stock
2024-12-26,MSFT,436.43206787109375,Stock
2024-12-27,MSFT,428.881103515625,Stock
2024-12-30,MSFT,423.2029113769531,Stock
2024-12-31,MSFT,419.88568115234375,Stock
2025-01-02,MSFT,416.97686767578125,Stock
2025-01-03,MSFT,421.7286071777344,Stock
2025-01-06,MSFT,426.21136474609375,Stock
2025-01-07,MSFT,420.7523498535156,Stock
2025-01-08,MSFT,422.9339599609375,Stock
2025-01-10,MSFT,417.345458984375,Stock
2025-01-13,MSFT,415.5921936035156,Stock
2025-01-14,MSFT,414.0780334472656,Stock
2025-01-15,MSFT,424.67724609375,Stock
2025-01-16,MSFT,422.953857421875,Stock
2025-01-17,MSFT,427.3868408203125,Stock
2025-01-21,MSFT,426.85888671875,Stock
2025-01-22,MSFT,444.4910888671875,Stock
2025-01-23,MSFT,444.9991149902344,Stock
2025-01-24,MSFT,442.3592834472656,Stock
2025-01-27,MSFT,432.8956604003906,Stock
2025-01-28,MSFT,445.4872741699219,Stock
2025-01-29,MSFT,440.6358947753906,Stock
2025-01-30,MSFT,413.4006042480469,Stock
2025-01-31,MSFT,413.4703369140625,Stock
2025-02-03,MSFT,409.3462219238281,Stock
2025-02-04,MSFT,410.7906494140625,Stock
2025-02-05,MSFT,411.7071228027344,Stock
2025-02-06,MSFT,414.2274475097656,Stock
2025-02-07,MSFT,408.1806945800781,Stock
2025-02-10,MSFT,410.6412048339844,Stock
2025-02-11,MSFT,409.86419677734375,Stock
2025-02-12,MSFT,407.473388671875,Stock
2025-02-13,MSFT,408.9676513671875,Stock
2025-02-14,MSFT,406.86572265625,Stock
2025-02-18,MSFT,408.07110595703125,Stock
2025-02-19,MSFT,413.1814270019531,Stock
2025-02-20,MSFT,415.3674621582031,Stock
2025-02-21,MSFT,407.4619445800781,Stock
2025-02-24,MSFT,403.2596740722656,Stock
2025-02-25,MSFT,397.17083740234375,Stock
2025-02-26,MSFT,398.99749755859375,Stock
2025-02-27,MSFT,391.8106994628906,Stock
2025-02-28,MSFT,396.26251220703125,Stock
2025-03-03,MSFT,387.778076171875,Stock
2025-03-04,MSFT,387.8978576660156,Stock
2025-03-05,MSFT,400.2851257324219,Stock
2025-03-06,MSFT,396.1627197265625,Stock
2025-03-07,MSFT,392.5892639160156,Stock
2025-03-10,MSFT,379.46337890625,Stock
2025-03-11,MSFT,379.7528381347656,Stock
2025-03-12,MSFT,382.5676574707031,Stock
2025-03-13,MSFT,378.0758972167969,Stock
2025-03-14,MSFT,387.84796142578125,Stock
2025-03-17,MSFT,387.98773193359375,Stock
2025-03-18,MSFT,382.81719970703125,Stock
2025-03-19,MSFT,387.1093444824219,Stock
2025-03-20,MSFT,386.131103515625,Stock
2025-03-21,MSFT,390.54302978515625,Stock
2025-03-24,MSFT,392.35968017578125,Stock
2025-03-25,MSFT,394.4358825683594,Stock
2025-03-26,MSFT,389.2554016113281,Stock
2025-03-27,MSFT,389.8642578125,Stock
2025-03-28,MSFT,378.1058349609375,Stock
2025-03-31,MSFT,374.7021179199219,Stock
2025-04-01,MSFT,381.4896545410156,Stock
2025-04-02,MSFT,381.43975830078125,Stock
2025-04-03,MSFT,372.42626953125,Stock
2025-04-04,MSFT,359.18060302734375,Stock
2025-04-07,MSFT,357.2042236328125,Stock
2025-04-08,MSFT,353.9102783203125,Stock
2025-04-09,MSFT,389.7744140625,Stock
2025-04-10,MSFT,380.65118408203125,Stock
2025-04-11,MSFT,387.7381896972656,Stock
2025-04-14,MSFT,387.0993347167969,Stock
2025-04-15,MSFT,385.0231628417969,Stock
2025-04-16,MSFT,370.92901611328125,Stock
2025-04-17,MSFT,367.1060485839844,Stock
2025-04-21,MSFT,358.4619140625,Stock
2025-04-22,MSFT,366.1478271484375,Stock
2025-04-23,MSFT,373.7039489746094,Stock
2025-04-24,MSFT,386.59027099609375,Stock
2025-04-25,MSFT,391.1319580078125,Stock
2025-04-28,MSFT,390.4432067871094,Stock
2025-04-29,MSFT,393.31793212890625,Stock
2025-04-30,MSFT,394.53570556640625,Stock
2025-05-01,MSFT,424.6204528808594,Stock
2025-05-02,MSFT,434.48236083984375,Stock
2025-05-05,MSFT,435.3707275390625,Stock
2025-05-06,MSFT,432.5159606933594,Stock
2025-05-07,MSFT,432.555908203125,Stock
2025-05-08,MSFT,437.3670654296875,Stock
2025-05-09,MSFT,437.9260559082031,Stock
2025-05-12,MSFT,448.4367370605469,Stock
2025-05-13,MSFT,448.3169860839844,Stock
2025-05-14,MSFT,452.1099853515625,Stock
2025-05-15,MSFT,453.1300048828125,Stock
2025-05-16,MSFT,454.2699890136719,Stock
2025-05-19,MSFT,458.8699951171875,Stock
2025-05-20,MSFT,458.1700134277344,Stock
2025-05-21,MSFT,452.57000732421875,Stock
2025-05-22,MSFT,454.8599853515625,Stock
2025-05-23,MSFT,450.17999267578125,Stock
2025-05-27,MSFT,460.69000244140625,Stock
2025-05-28,MSFT,457.3599853515625,Stock
2025-05-29,MSFT,458.67999267578125,Stock
2025-05-30,MSFT,460.3599853515625,Stock
2025-06-02,MSFT,461.9700012207031,Stock
2025-06-03,MSFT,462.9700012207031,Stock
2025-06-04,MSFT,463.8699951171875,Stock
2025-06-05,MSFT,467.67999267578125,Stock
2025-06-06,MSFT,470.3800048828125,Stock
2025-06-09,MSFT,472.75,Stock
2025-06-10,MSFT,470.9200134277344,Stock
2025-06-11,MSFT,472.6199951171875,Stock
2025-06-12,MSFT,478.8699951171875,Stock
2025-06-13,MSFT,474.9599914550781,Stock
2025-06-16,MSFT,479.1400146484375,Stock
2025-06-17,MSFT,478.0400085449219,Stock
2025-06-18,MSFT,480.239990234375,Stock
2025-06-20,MSFT,477.3999938964844,Stock
2025-06-23,MSFT,486.0,Stock
2025-06-24,MSFT,490.1099853515625,Stock
2025-06-25,MSFT,492.2699890136719,Stock
2025-06-26,MSFT,497.45001220703125,Stock
2025-06-27,MSFT,495.94000244140625,Stock
2025-06-30,MSFT,497.4100036621094,Stock
2025-07-01,MSFT,492.04998779296875,Stock
2025-07-02,MSFT,491.0899963378906,Stock
2025-07-03,MSFT,498.8399963378906,Stock
2025-07-07,MSFT,497.7200012207031,Stock
2025-07-08,MSFT,496.6199951171875,Stock
2025-07-09,MSFT,503.510009765625,Stock
2025-07-10,MSFT,501.4800109863281,Stock
2025-07-11,MSFT,503.32000732421875,Stock
2025-07-14,MSFT,507.76,Future
2025-07-15,MSFT,504.05,Future
2025-07-16,MSFT,508.41,Future
2025-07-17,MSFT,503.95,Future
2025-07-18,MSFT,498.84,Future
2025-07-19,MSFT,502.1,Future
2025-07-20,MSFT,509.44,Future
2025-07-21,MSFT,507.53,Future
2025-07-22,MSFT,506.13,Future
2025-07-23,MSFT,512.94,Future
2025-07-24,MSFT,514.28,Future
2025-07-25,MSFT,521.09,Future
2025-07-26,MSFT,514.36,Future
2025-07-27,MSFT,506.15,Future
2025-07-28,MSFT,503.18,Future
2025-07-29,MSFT,502.63,Future
2025-07-30,MSFT,503.17,Future
2025-07-31,MSFT,506.44,Future
2025-08-01,MSFT,511.31,Future
2025-08-02,MSFT,513.99,Future
2025-08-03,MSFT,509.42,Future
2025-08-04,MSFT,510.34,Future
2025-08-05,MSFT,510.91,Future
2025-08-06,MSFT,503.38,Future
2025-08-07,MSFT,505.27,Future
2025-08-08,MSFT,513.42,Future
2025-08-09,MSFT,514.79,Future
2025-08-10,MSFT,511.04,Future
2025-08-11,MSFT,508.96,Future
2025-08-12,MSFT,510.16,Future
